<?xml version="1.0" encoding="utf-8"?><?xml-stylesheet type="text/xsl" href="fxrates.xslt"?><Securities><Security dateAsOf="10/22/2021 1:50:18 PM" ticker="AUDAUD" PRIOR_CLOSE_MID="" PX_CLOSE_DT="" PX_LAST="1" /><Security dateAsOf="10/21/2021 4:30:51 PM" ticker="AUDUSD" PRIOR_CLOSE_MID=".751600" PX_CLOSE_DT="10/20/2021" PX_LAST=".746500" /><Security dateAsOf="10/21/2021 4:30:51 PM" ticker="BRLUSD" PRIOR_CLOSE_MID=".178600" PX_CLOSE_DT="10/20/2021" PX_LAST=".176700" /><Security dateAsOf="10/22/2021 1:50:18 PM" ticker="CADCAD" PRIOR_CLOSE_MID="" PX_CLOSE_DT="" PX_LAST="1" /><Security dateAsOf="10/21/2021 4:30:51 PM" ticker="CADUSD" PRIOR_CLOSE_MID=".811700" PX_CLOSE_DT="10/20/2021" PX_LAST=".808300" /><Security dateAsOf="10/22/2021 1:50:18 PM" ticker="CHFCHF" PRIOR_CLOSE_MID="" PX_CLOSE_DT="" PX_LAST="1" /><Security dateAsOf="10/21/2021 4:30:51 PM" ticker="CHFUSD" PRIOR_CLOSE_MID="1.088300" PX_CLOSE_DT="10/20/2021" PX_LAST="1.088800" /><Security dateAsOf="10/22/2021 1:50:18 PM" ticker="CNYCNY" PRIOR_CLOSE_MID="" PX_CLOSE_DT="" PX_LAST="1" /><Security dateAsOf="10/21/2021 4:30:51 PM" ticker="CNYHKD" PRIOR_CLOSE_MID="1.216100" PX_CLOSE_DT="10/20/2021" PX_LAST="1.216100" /><Security dateAsOf="10/21/2021 4:30:51 PM" ticker="CNYUSD" PRIOR_CLOSE_MID=".156420" PX_CLOSE_DT="10/20/2021" PX_LAST=".156420" /><Security dateAsOf="10/22/2021 1:50:18 PM" ticker="DKKDKK" PRIOR_CLOSE_MID="" PX_CLOSE_DT="" PX_LAST="1" /><Security dateAsOf="10/21/2021 4:30:51 PM" ticker="DKKUSD" PRIOR_CLOSE_MID=".156600" PX_CLOSE_DT="10/20/2021" PX_LAST=".156200" /><Security dateAsOf="10/21/2021 4:30:51 PM" ticker="EURCHF" PRIOR_CLOSE_MID="1.070670" PX_CLOSE_DT="10/20/2021" PX_LAST="1.067300" /><Security dateAsOf="10/22/2021 1:50:18 PM" ticker="EUREUR" PRIOR_CLOSE_MID="" PX_CLOSE_DT="" PX_LAST="1" /><Security dateAsOf="10/21/2021 4:30:51 PM" ticker="EURGBP" PRIOR_CLOSE_MID=".842730" PX_CLOSE_DT="10/20/2021" PX_LAST=".842740" /><Security dateAsOf="10/21/2021 4:30:51 PM" ticker="EURGBp" PRIOR_CLOSE_MID=".842730" PX_CLOSE_DT="10/20/2021" PX_LAST="84.274" /><Security dateAsOf="10/21/2021 4:30:51 PM" ticker="EURHKD" PRIOR_CLOSE_MID="9.056900" PX_CLOSE_DT="10/20/2021" PX_LAST="9.035000" /><Security dateAsOf="10/21/2021 4:30:51 PM" ticker="EURUSD" PRIOR_CLOSE_MID="1.165100" PX_CLOSE_DT="10/20/2021" PX_LAST="1.162100" /><Security dateAsOf="10/22/2021 1:50:18 PM" ticker="GBpGBp" PRIOR_CLOSE_MID="" PX_CLOSE_DT="" PX_LAST="1" /><Security dateAsOf="10/21/2021 4:30:51 PM" ticker="GBPUSD" PRIOR_CLOSE_MID="1.382400" PX_CLOSE_DT="10/20/2021" PX_LAST="1.379000" /><Security dateAsOf="10/21/2021 4:30:51 PM" ticker="GBpUSD" PRIOR_CLOSE_MID="1.382400" PX_CLOSE_DT="10/20/2021" PX_LAST="0.01379" /><Security dateAsOf="10/22/2021 1:50:18 PM" ticker="HKDHKD" PRIOR_CLOSE_MID="" PX_CLOSE_DT="" PX_LAST="1" /><Security dateAsOf="10/21/2021 4:30:51 PM" ticker="HKDUSD" PRIOR_CLOSE_MID=".128640" PX_CLOSE_DT="10/20/2021" PX_LAST=".128620" /><Security dateAsOf="10/22/2021 1:50:18 PM" ticker="IDRIDR" PRIOR_CLOSE_MID="" PX_CLOSE_DT="" PX_LAST="1" /><Security dateAsOf="10/21/2021 4:30:51 PM" ticker="IDRUSD" PRIOR_CLOSE_MID=".070787" PX_CLOSE_DT="10/20/2021" PX_LAST=".070694" /><Security dateAsOf="10/22/2021 1:50:18 PM" ticker="INRINR" PRIOR_CLOSE_MID="" PX_CLOSE_DT="" PX_LAST="1" /><Security dateAsOf="10/21/2021 4:30:51 PM" ticker="INRUSD" PRIOR_CLOSE_MID=".013365" PX_CLOSE_DT="10/20/2021" PX_LAST=".013356" /><Security dateAsOf="10/22/2021 1:50:18 PM" ticker="JPYJPY" PRIOR_CLOSE_MID="" PX_CLOSE_DT="" PX_LAST="1" /><Security dateAsOf="10/21/2021 4:30:51 PM" ticker="JPYUSD" PRIOR_CLOSE_MID=".008746" PX_CLOSE_DT="10/20/2021" PX_LAST=".008769" /><Security dateAsOf="10/22/2021 1:50:18 PM" ticker="KRWKRW" PRIOR_CLOSE_MID="" PX_CLOSE_DT="" PX_LAST="1" /><Security dateAsOf="10/21/2021 4:30:51 PM" ticker="KRWUSD" PRIOR_CLOSE_MID=".085050" PX_CLOSE_DT="10/20/2021" PX_LAST=".084890" /><Security dateAsOf="10/22/2021 1:50:18 PM" ticker="MYRMYR" PRIOR_CLOSE_MID="" PX_CLOSE_DT="" PX_LAST="1" /><Security dateAsOf="10/21/2021 4:30:51 PM" ticker="MYRUSD" PRIOR_CLOSE_MID=".240100" PX_CLOSE_DT="10/20/2021" PX_LAST=".240500" /><Security dateAsOf="10/22/2021 1:50:18 PM" ticker="NOKNOK" PRIOR_CLOSE_MID="" PX_CLOSE_DT="" PX_LAST="1" /><Security dateAsOf="10/21/2021 4:30:51 PM" ticker="NOKUSD" PRIOR_CLOSE_MID=".120400" PX_CLOSE_DT="10/20/2021" PX_LAST=".119500" /><Security dateAsOf="10/22/2021 1:50:18 PM" ticker="PHPPHP" PRIOR_CLOSE_MID="" PX_CLOSE_DT="" PX_LAST="1" /><Security dateAsOf="10/21/2021 4:30:51 PM" ticker="PHPUSD" PRIOR_CLOSE_MID=".019699" PX_CLOSE_DT="10/20/2021" PX_LAST=".019685" /><Security dateAsOf="10/22/2021 1:50:18 PM" ticker="PLNPLN" PRIOR_CLOSE_MID="" PX_CLOSE_DT="" PX_LAST="1" /><Security dateAsOf="10/21/2021 4:30:51 PM" ticker="PLNUSD" PRIOR_CLOSE_MID=".254300" PX_CLOSE_DT="10/20/2021" PX_LAST=".252300" /><Security dateAsOf="10/21/2021 4:30:51 PM" ticker="RONUSD" PRIOR_CLOSE_MID=".235600" PX_CLOSE_DT="10/20/2021" PX_LAST=".235000" /><Security dateAsOf="10/22/2021 1:50:18 PM" ticker="SARSAR" PRIOR_CLOSE_MID="" PX_CLOSE_DT="" PX_LAST="1" /><Security dateAsOf="10/21/2021 4:30:51 PM" ticker="SARUSD" PRIOR_CLOSE_MID=".266600" PX_CLOSE_DT="10/20/2021" PX_LAST=".266600" /><Security dateAsOf="10/22/2021 1:50:18 PM" ticker="SEKSEK" PRIOR_CLOSE_MID="" PX_CLOSE_DT="" PX_LAST="1" /><Security dateAsOf="10/21/2021 4:30:51 PM" ticker="SEKUSD" PRIOR_CLOSE_MID=".116414" PX_CLOSE_DT="10/20/2021" PX_LAST=".116167" /><Security dateAsOf="10/22/2021 1:50:18 PM" ticker="SGDSGD" PRIOR_CLOSE_MID="" PX_CLOSE_DT="" PX_LAST="1" /><Security dateAsOf="10/21/2021 4:30:51 PM" ticker="SGDUSD" PRIOR_CLOSE_MID=".744300" PX_CLOSE_DT="10/20/2021" PX_LAST=".742300" /><Security dateAsOf="10/21/2021 4:30:51 PM" ticker="THBSGD" PRIOR_CLOSE_MID=".040300" PX_CLOSE_DT="10/20/2021" PX_LAST=".040300" /><Security dateAsOf="10/22/2021 1:50:18 PM" ticker="THBTHB" PRIOR_CLOSE_MID="" PX_CLOSE_DT="" PX_LAST="1" /><Security dateAsOf="10/21/2021 4:30:51 PM" ticker="THBUSD" PRIOR_CLOSE_MID=".029973" PX_CLOSE_DT="10/20/2021" PX_LAST=".029926" /><Security dateAsOf="10/22/2021 1:50:18 PM" ticker="TWDTWD" PRIOR_CLOSE_MID="" PX_CLOSE_DT="" PX_LAST="1" /><Security dateAsOf="10/21/2021 4:30:51 PM" ticker="TWDUSD" PRIOR_CLOSE_MID=".035863" PX_CLOSE_DT="10/20/2021" PX_LAST=".035882" /><Security dateAsOf="10/21/2021 4:30:51 PM" ticker="USDAUD" PRIOR_CLOSE_MID="1.330600" PX_CLOSE_DT="10/20/2021" PX_LAST="1.339500" /><Security dateAsOf="10/21/2021 4:30:51 PM" ticker="USDBRL" PRIOR_CLOSE_MID="5.597800" PX_CLOSE_DT="10/20/2021" PX_LAST="5.659900" /><Security dateAsOf="10/21/2021 4:30:51 PM" ticker="USDEUR" PRIOR_CLOSE_MID=".858300" PX_CLOSE_DT="10/20/2021" PX_LAST=".860600" /><Security dateAsOf="10/21/2021 4:30:51 PM" ticker="USDGBP" PRIOR_CLOSE_MID=".723400" PX_CLOSE_DT="10/20/2021" PX_LAST=".725200" /><Security dateAsOf="10/21/2021 4:30:51 PM" ticker="USDGBp" PRIOR_CLOSE_MID=".723400" PX_CLOSE_DT="10/20/2021" PX_LAST="72.52" /><Security dateAsOf="10/21/2021 4:30:51 PM" ticker="USDHKD" PRIOR_CLOSE_MID="7.773400" PX_CLOSE_DT="10/20/2021" PX_LAST="7.775000" /><Security dateAsOf="10/21/2021 4:30:51 PM" ticker="USDNOK" PRIOR_CLOSE_MID="8.306200" PX_CLOSE_DT="10/20/2021" PX_LAST="8.366800" /><Security dateAsOf="10/21/2021 4:30:51 PM" ticker="USDTHB" PRIOR_CLOSE_MID="33.370000" PX_CLOSE_DT="10/20/2021" PX_LAST="33.419000" /><Security dateAsOf="10/22/2021 1:50:18 PM" ticker="USDUSD" PRIOR_CLOSE_MID="" PX_CLOSE_DT="" PX_LAST="1" /><Security dateAsOf="10/21/2021 4:30:51 PM" ticker="VNDUSD" PRIOR_CLOSE_MID="4.394200" PX_CLOSE_DT="10/20/2021" PX_LAST="4.395900" /><Security dateAsOf="10/22/2021 1:50:18 PM" ticker="VNDVND" PRIOR_CLOSE_MID="" PX_CLOSE_DT="" PX_LAST="1" /><Security dateAsOf="10/21/2021 4:30:51 PM" ticker="ZARUSD" PRIOR_CLOSE_MID=".069437" PX_CLOSE_DT="10/20/2021" PX_LAST=".068119" /><LastRun>10/22/2021 1:50:18 PM</LastRun></Securities>