<SCBToolsSettings source='PROD'><Category name="Admins" type="User Permission"><Setting>achatt</Setting><Setting>amishr5</Setting><Setting>asingh13</Setting><Setting>cevbot</Setting><Setting>cstoke</Setting><Setting>cwills</Setting><Setting>dshanm</Setting><Setting>ekagan</Setting><Setting>ekagan_dev</Setting><Setting>fusillofp</Setting><Setting>kjosyu</Setting><Setting>mgawli</Setting><Setting>nharja</Setting><Setting>pranga1</Setting><Setting>scbvideo</Setting><Setting>sgovil</Setting><Setting>skamal</Setting><Setting>slewis2</Setting><Setting>ssamad1</Setting><Setting>sshesh1</Setting><Setting>svenka2</Setting><Setting>winthropjj</Setting></Category><Category name="Admins DocProtection" type="User Permission"><Setting>aadhim</Setting><Setting>achatt</Setting><Setting>aknowl</Setting><Setting>amishr5</Setting><Setting>bday</Setting><Setting>bward3</Setting><Setting>cdekre</Setting><Setting>cosull</Setting><Setting>cstoke</Setting><Setting>cstoke_dev</Setting><Setting>ekagan</Setting><Setting>ekagan_dev</Setting><Setting>fkagda</Setting><Setting>gchow</Setting><Setting>hgrave</Setting><Setting>hparim</Setting><Setting>izadik</Setting><Setting>krevan</Setting><Setting>lcantr</Setting><Setting>lcarav</Setting><Setting>lipmanrf</Setting><Setting>ljasko</Setting><Setting>mchain</Setting><Setting>murrayjc</Setting><Setting>rganes</Setting><Setting>rmurch</Setting><Setting>rpossa</Setting><Setting>scbvideo</Setting><Setting>sgovil</Setting><Setting>skamal</Setting><Setting>ssaiye</Setting><Setting>suy</Setting><Setting>svenka2</Setting><Setting>tkher</Setting><Setting>tkulik</Setting><Setting>vnagar</Setting></Category><Category name="AnalystBlastExclude" type="User Permission" /><Category name="AnalystBlastInclude" type="User Permission"><Setting>achan5</Setting><Setting>amoel</Setting><Setting>aquett</Setting><Setting>asleem</Setting><Setting>bbadne</Setting><Setting>bdowne</Setting><Setting>cevbot</Setting><Setting>cstoke</Setting><Setting>cwills</Setting><Setting>dsung</Setting><Setting>echan2</Setting><Setting>ekagan</Setting><Setting>ekelle</Setting><Setting>fbroqu</Setting><Setting>fusillofp</Setting><Setting>garfunkelec</Setting><Setting>gmarks1</Setting><Setting>hcheng</Setting><Setting>hshiah</Setting><Setting>idas</Setting><Setting>ipyle</Setting><Setting>jchow</Setting><Setting>jcofsk</Setting><Setting>jmerri</Setting><Setting>jwing</Setting><Setting>lbian</Setting><Setting>mmoerd</Setting><Setting>moffettce</Setting><Setting>mwarbu</Setting><Setting>mwerner</Setting><Setting>ndelde</Setting><Setting>nthain</Setting><Setting>oclint</Setting><Setting>pchoi</Setting><Setting>ppaskh</Setting><Setting>rbrack</Setting><Setting>rgarra</Setting><Setting>rramac</Setting><Setting>rwest</Setting><Setting>rwiele</Setting><Setting>rzhu</Setting><Setting>sacconaghitm</Setting><Setting>sgovil</Setting><Setting>skoay</Setting><Setting>srasgo</Setting><Setting>ssenat</Setting><Setting>ssingh5</Setting><Setting>tander2 </Setting><Setting>tben</Setting><Setting>tstirl</Setting><Setting>wqiu</Setting><Setting>wynnehn</Setting></Category><Category name="EnglishUKGroup" type="User Permission"><Setting>akarki</Setting><Setting>cchana</Setting><Setting>cstoke</Setting><Setting>cstoke_dev</Setting><Setting>dheise</Setting><Setting>escher</Setting><Setting>hstret</Setting><Setting>jgatel</Setting><Setting>mvanst</Setting><Setting>olehma</Setting><Setting>pgorri</Setting><Setting>pmandh</Setting><Setting>su</Setting><Setting>vsoni</Setting><Setting>woodad</Setting><Setting>yshi1</Setting></Category><Category name="ExhibitBorders" type="User Permission"><Setting>akarki</Setting><Setting>cchana</Setting><Setting>cevbot</Setting><Setting>cwills</Setting><Setting>dheise</Setting><Setting>escher</Setting><Setting>hstret</Setting><Setting>jgatel</Setting><Setting>mvanst</Setting><Setting>olehma</Setting><Setting>pgorri</Setting><Setting>pmandh</Setting><Setting>su</Setting><Setting>vsoni</Setting><Setting>woodad</Setting><Setting>yshi1</Setting></Category><Category name="ExhibitRefreshSize" type="User Permission" /><Category name="Publishing Server-CL" type="User Permission"><Setting>aknowl</Setting><Setting>cosull</Setting><Setting>fkagda</Setting><Setting>nklose</Setting><Setting>rmurch</Setting><Setting>rpossa</Setting><Setting>ssaiye</Setting></Category><Category name="Publishing Server-PS" type="User Permission"><Setting>aperri</Setting><Setting>bday</Setting><Setting>cdekre</Setting><Setting>ekagan_dev</Setting><Setting>fusillofp</Setting><Setting>gchow</Setting><Setting>jlamke</Setting><Setting>suy</Setting><Setting>vanbruggerz</Setting></Category><Category name="QA Group" type="User Permission" /><Category name="SA Disclosures" type="User Permission"><Setting>aadhim</Setting><Setting>achatt</Setting><Setting>amishr5</Setting><Setting>aperri</Setting><Setting>asingh13</Setting><Setting>bday</Setting><Setting>bertanlh</Setting><Setting>bward3</Setting><Setting>cdekre</Setting><Setting>cevbot</Setting><Setting>cosull</Setting><Setting>cstoke</Setting><Setting>cstoke_dev</Setting><Setting>cwills</Setting><Setting>dshanm</Setting><Setting>ekagan</Setting><Setting>ekagan_dev</Setting><Setting>fkagda</Setting><Setting>fusillofp</Setting><Setting>gchow</Setting><Setting>hgrave</Setting><Setting>hparim</Setting><Setting>izadik</Setting><Setting>jlamke</Setting><Setting>kjosyu</Setting><Setting>krevan</Setting><Setting>lcantr</Setting><Setting>lcarav</Setting><Setting>lipmanrf</Setting><Setting>ljasko</Setting><Setting>nharja</Setting><Setting>nklose</Setting><Setting>pranga1</Setting><Setting>rganes</Setting><Setting>rmurch</Setting><Setting>rpossa</Setting><Setting>scbvideo</Setting><Setting>sgovil</Setting><Setting>skamal</Setting><Setting>ssaiye</Setting><Setting>ssamad1</Setting><Setting>sshesh1</Setting><Setting>suy</Setting><Setting>svenka2</Setting><Setting>tkher</Setting><Setting>tkulik</Setting><Setting>vanbruggerz</Setting><Setting>vnagar</Setting><Setting>ybelia</Setting></Category><Category name="YTDGroup" type="User Permission"><Setting>akarki</Setting><Setting>anguye1</Setting><Setting>cchana</Setting><Setting>cevbot</Setting><Setting>cpanza1</Setting><Setting>cstoke</Setting><Setting>ctubb</Setting><Setting>cwills</Setting><Setting>escher</Setting><Setting>hstret</Setting><Setting>ipyle</Setting><Setting>jgatel</Setting><Setting>kmisra1</Setting><Setting>mvanst</Setting><Setting>oclint</Setting><Setting>olehma</Setting><Setting>pgorri</Setting><Setting>rgarra</Setting><Setting>rhans</Setting><Setting>rwest</Setting><Setting>su</Setting><Setting>tben</Setting><Setting>vsoni</Setting><Setting>woodad</Setting><Setting>yshi1</Setting></Category>
<Category name="Lighter Side" type="Industry Permission">
  <Setting>U.S. IT Hardware</Setting> 
  <Setting>European Beverages</Setting> 
  <Setting>European Autos &amp; Auto Parts</Setting> 
  <Setting>European General Retail &amp; Luxury Goods</Setting> 
  <Setting>European Capital Goods</Setting> 
  <Setting>U.S. Multi Industry &amp; Electrical Equipment</Setting> 
</Category>
<Category name="Strategy Groups" type="Industry Permission">
  <Setting>Strategy</Setting> 
  <Setting>U.S. Economics</Setting> 
  <Setting>Global Quantitative Strategy</Setting> 
  <Setting>Quantitative Research</Setting> 
  <Setting>India Capital Goods</Setting> 
  <Setting>India Infrastructure</Setting> 
  <Setting>Asia-Pacific Equity Strategy</Setting> 
  <Setting>European Equity Strategy</Setting> 
  <Setting>Fund Management Strategy</Setting>
  <Setting>U.S. Portfolio Strategy</Setting>
  <Setting>Asia Quantitative Strategy</Setting>
  <Setting>Portfolio Strategy</Setting>
 <Setting>Alphalytics</Setting>
</Category>
<Category name="Co-Covered Tickers" type="Industry Permission">
  <Setting>BAYN.GR</Setting>
  <Setting>SHP.LN</Setting>
  <Setting>SHPG</Setting>
  <Setting>LIN</Setting>
  <Setting>RIL.IN</Setting>
  <Setting>RIGD.LI</Setting> 
</Category> 
<Category name="Alphalytics Groups" type="Industry Permission">
  <Setting>Alphalytics</Setting>  
</Category>
<Category name="Logo Rollout Date" type="Global Permission">
<Setting>2015/01/20</Setting> 
</Category>
<Category name="CheckPublishingRestrictions" type="Global Permission">
<Setting>0</Setting> 
</Category>
<Category name="Links" type="Links">
  <Setting name="Knowledge Base">https://alliancebernstein.service-now.com/nav_to.do?uri=%2F$knowledge.do%3Fbrowse_type%3Dcategories%26sysparm_kb%3D14b2322a13900f007fd276666144b029</Setting >
  <Setting name="Knowledge Base Fonts">https://alliancebernstein.service-now.com/nav_to.do?uri=%2Fkb_view.do%3Fsysparm_article%3DKB12238</Setting >
  <Setting name="Beehive.URL.PROD">http://institutional.beehive.com</Setting >
  <Setting name="Beehive.URL.DEV">http://institutional-dev.beehive.com</Setting >
  <Setting name="Beehive.URL.QA">http://institutional-qa.beehive.com</Setting >
  <Setting name="Beehive.URL.POC">http://institutional-poc.beehive.com</Setting >
  <!--<Setting name="Beehive.Server.PROD">\\researchfs\research\Resources</Setting >
  <Setting name="Beehive.Server.DEV">\\researchfs\researchdev\Resources</Setting >
  <Setting name="Beehive.Server.QA">\\researchfs\researchqa\Resources</Setting >
  <Setting name="Beehive.Server POC">\\researchfs\researchpoc\Resources</Setting >-->
  <Setting name="API.URL.PROD">http://api.beehive.com</Setting >
  <Setting name="API.URL.DEV">http://institutional-dev.beehive.com</Setting >
  <Setting name="API.URL.QA">http://institutional-qa.beehive.com</Setting >
  <Setting name="API.URL.POC">http://institutional-poc.beehive.com</Setting > 
</Category>
  <Category name="Document Types" type="Global Permission">
    <Setting name="Company Report" type="Research Call" subtype="Company Report" keyword="" template="ResearchReport.dotm" financialSections="true" documentIcons="call_CO_AnalystPg.jpg;call_CO_Financials.jpg;call_CO_Events.jpg;call_CO_CompVal.jpg;call_CO_CompanyPg.jpg;" documentIconsText="Analyst Page;Financials;Bernstein[b]Events;Comp[b]Valuation;Company[b]Page;"/>
    <Setting name="Industry Report" type="Research Call" subtype="Industry Report" keyword="" template="ResearchReport.dotm" financialSections="true" documentIcons="call_IND_AnalystPg.jpg;call_IND_Events.jpg;call_IND_IndustryPg.jpg;call_IND_Financials.jpg;call_IND_CompVal.jpg;" documentIconsText="Analyst Page;Bernstein Events;Industry Page;Financials;Comp Valuation;"/>
    <Setting name="Long View" type="Research Call" subtype="Industry Report" keyword="Long View" template="ResearchReport.dotm" financialSections="false" documentIcons="call_IND_AnalystPg.jpg;call_IND_Events.jpg;call_IND_IndustryPg.jpg;" documentIconsText="Analyst Page;Bernstein Events;Industry Page;" />
    <Setting name="Best of Bernstein" type="Research Call" subtype="Company Report" keyword="Best of Bernstein" template="ResearchReport.dotm" financialSections="true" documentIcons="call_CO_AnalystPg.jpg;call_CO_Financials.jpg;call_CO_Events.jpg;call_CO_CompVal.jpg;call_CO_CompanyPg.jpg;" documentIconsText="Analyst Page;Financials;Bernstein[b]Events;Comp[b]Valuation;Companhy[b]Page;"/>
    <Setting name="Primer" type="Research Call" subtype="Industry Report" keyword="Primer" template="ResearchReport.dotm" financialSections="false" documentIcons="call_IND_AnalystPg.jpg;call_IND_Events.jpg;call_IND_IndustryPg.jpg;" documentIconsText="Analyst Page;Bernstein Events;Industry Page;"/>
    <Setting name="Quick Take - Company" type="External Flash" subtype="Company Report" keyword="" template="ResearchReport.dotm" financialSections="false" documentIcons="quicktake_CO_AnalystPg.jpg;quicktake_CO_Events.jpg;quicktake_CO_CompanyPg.jpg;" documentIconsText="Analyst Page;Bernstein[b]Events;Company[b]Page;"/>
    <Setting name="Quick Take - Industry" type="External Flash" subtype="Industry Report" keyword="" template="ResearchReport.dotm" financialSections="false" documentIcons="quicktake_IND_AnalystPg.jpg;quicktake_IND_Events.jpg;quicktake_IND_IndustryPg.jpg;" documentIconsText="Analyst Page;Bernstein Events;Industry Page;"/>
    <Setting name="Industry Blast" type="Research Call" subtype="Industry Report" keyword="Blast" template="ResearchReport.dotm" financialSections="false" documentIcons="blast_AnalystPg.jpg;blast_Events.jpg;blast_IndustryPg.jpg;"  documentIconsText="Analyst Page;Bernstein Events;Industry Page;"/>
    <Setting name="Lighter Side" type="Lighter Side" subtype="Industry Report" keyword="Lighter Side" template="ResearchReport.dotm" financialSections="false" documentIcons="blast_AnalystPg.jpg;blast_Events.jpg;"  documentIconsText="Analyst Page;Bernstein Events;"/>
    <Setting name="Black Book Chapter" type="Black Book" subtype="none" keyword=""  template="BlackBook.dotm"/>
    <Setting name="White Book Chapter" type="White Book" subtype="none" keyword="" template="BlackBook.dotm"/>
    <Setting name="Book Compilation" type="Black Book" subtype="" keyword="" template="BookCompile.dotm"/>
    <Setting name="Half Book Compilation" type="Black Book" subtype="" keyword="" template="BookCompileHalf.dotm"/>
    <Setting name="Comment" type="Comment" subtype="Industry Report" keyword="" template="ResearchReport.dotm" financialSections="false" documentIcons="comment_AnalystPg.jpg;comment_Events.jpg;comment_IndustryPg.jpg;"  documentIconsText="Analyst Page;Bernstein Events;Industry Page;"/>
    <Setting name="HalfBook Chapter" type="Black Book" subtype="none" keyword=""  template="BlackBookHalf.dotm"/>
    <Setting name="Alphalytics" type="Research Call" subtype="Industry Report" keyword="" template="ResearchReport.dotm" financialSections="false" documentIcons="call_AL_AnalystPg.jpg;call_AL_Events.jpg;"  documentIconsText="Analyst Page;Bernstein Events;"/>
</Category>
<Category name="TickerSheetLib.xlam" type="Tools Help Menu" >
    <Setting name="I am not recognized as a Team Member" link="" icon="WebGoBack"/>
    <Setting name="How do I report Fiscal Year/Rollover?" link="https://alliancebernstein.service-now.com/kb_view.do?sysparm_article=KB12577" icon="WebGoBack"/>
    <Setting name="I submitted wrong estimates" link="https://alliancebernstein.service-now.com/nav_to.do?uri=%2F$knowledge.do%3Fsysparm_type_filter%3Dall%26sysparm_kb%3D14b2322a13900f007fd276666144b029%26sysparm_category%3Df2a1b6d1133447007fd276666144b09f%26browse_type%3Dcategories" icon="WebGoBack"/>
    <Setting name="I need to change estimates or valuations type" link="http://institutional.beehive.com/files/resources/docs/EDB_Quick_Start.pdf" icon="WebGoBack"/>
    <Setting name="I need to change reporting currency" link="https://alliancebernstein.service-now.com/kb_view.do?sysparm_article=KB13077" icon="WebGoBack"/>
    <Setting name="When does Market Data get updated?" link="https://alliancebernstein.service-now.com/kb_view.do?sysparm_article=KB13630" icon="WebGoBack"/>
    <Setting name="separator"/>
    <Setting name="Estimates Setup Guide" link="http://institutional.beehive.com/files/resources/docs/EDB_Quick_Start.pdf" icon="RefreshStatus" />
    <Setting name="How to Upload Models" link="https://alliancebernstein.service-now.com/kb_view.do?sysparm_article=KB13024" icon="RefreshStatus"/>
    <Setting name="Knowledge Base" link="" icon="RefreshStatus" />
</Category>
<Category name="SCB Chart Wizard.xlam" type="Tools Help Menu">
    <Setting name="How to use Bernstein Chart Tools and Styles" link="https://alliancebernstein.service-now.com/kb_view.do?sysparm_article=KB13824" icon="WebGoBack"/>
    <Setting name="Exhibit Copy shortcut CTRL+C is not working" link="https://alliancebernstein.service-now.com/kb_view.do?sysparm_article=KB12229" icon="WebGoBack"/>
    <Setting name="separator"/>
    <Setting name="Knowledge Base" link="" icon="RefreshStatus"/>
</Category>
<Category name="Productivity.xlam" type="Tools Help Menu">
   <Setting name="How to use Bernstein Market Data formulas" link="" icon="WebGoBack"/>
   <Setting name="My file is slow/corrupted. How do I troubleshoot?" link="" icon="WebGoBack"/>
   <Setting name="separator"/>
    <Setting name="Knowledge Base" link="" icon="RefreshStatus"/>
</Category>
<Category name="Research Report.dotm" type="Tools Help Menu">
  <Setting name="How can I fix this document myself?" link="https://alliancebernstein.service-now.com/kb_view.do?sysparm_article=KB13451" icon="WebGoBack"/>
   <Setting name="How to use Refresh Ticker Table Dialog?" link="http://institutional.beehive.com/research/IndicateChanges.html" icon="WebGoBack"/>
   <Setting name="How do I use Exhibit Tools?" link="http://institutional.beehive.com/files/resources/docs/BERNSTEIN AUTHORING TOOLS.pdf" icon="WebGoBack"/>
   <Setting name="I see Word errors on startup" link="https://alliancebernstein.service-now.com/kb_view.do?sysparm_article=KB13373" icon="WebGoBack"/>
  <Setting name="'Required Fonts Are Missing' Error" link="https://alliancebernstein.service-now.com/kb_view.do?sysparm_article=KB12238" icon="WebGoBack"/>
  <Setting name="Why do I need to Validate?" link="https://alliancebernstein.service-now.com/kb_view.do?sysparm_article=KB13826" icon="WebGoBack"/>
  <Setting name="How do I Resubmit a Call?" link="https://alliancebernstein.service-now.com/kb_view.do?sysparm_article=KB13848" icon="WebGoBack"/>
  <Setting name="separator"/>
   <Setting name="Exhibits Tips and Tricks" link="https://alliancebernstein.service-now.com/kb_view.do?sysparm_article=KB13825" icon="RefreshStatus"/> 
  <Setting name="Word Tools Manual " link="http://institutional.beehive.com/files/resources/docs/BERNSTEIN%20AUTHORING%20TOOLS.pdf" icon="RefreshStatus"/> 
   <Setting name="Knowledge Base" link="" icon="RefreshStatus"/>  
</Category>
<Category name="BlackBook.dotm" type="Tools Help Menu">
  <Setting name="How can I fix this document myself?" link="" icon="WebGoBack"/>
  <Setting name="separator"/>
  <Setting name="Exhibits Tips and Tricks" link="https://alliancebernstein.service-now.com/kb_view.do?sysparm_article=KB13825" icon="RefreshStatus"/>    
<Setting name="Guide to Publication of Black Books and White Books" link="http://institutional.beehive.com/files/resources/docs/BlackBookPublicationGuide.pdf" icon="RefreshStatus"/>  
   <Setting name="Knowledge Base" link="" icon="RefreshStatus"/>
 </Category>
<Category name="BlackBookHalf.dotm" type="Tools Help Menu">
   <Setting name="How can I fix this document myself?" link="" icon="WebGoBack"/>
   <Setting name="separator"/>
   <Setting name="Exhibits Tips and Tricks" link="https://alliancebernstein.service-now.com/kb_view.do?sysparm_article=KB13825" icon="RefreshStatus"/> 
   <Setting name="Guide to Publication of Black Books and White Books" link="http://institutional.beehive.com/files/resources/docs/BlackBookPublicationGuide.pdf" icon="RefreshStatus"/>  
   <Setting name="Knowledge Base" link="" icon="RefreshStatus"/>
 </Category>
<Category name="pptools.ppam" type="Tools Help Menu">
   <Setting name="Error Inserting Disclosures " link="https://alliancebernstein.service-now.com/kb_view.do?sysparm_article=KB12231" icon="WebGoBack"/>
   <Setting name="Error Inserting Risks &amp; Valuations sections" link="https://alliancebernstein.service-now.com/kb_view.do?sysparm_article=KB12231" icon="WebGoBack"/>
   <Setting name="How do I change presentation footers  " link="https://alliancebernstein.service-now.com/kb_view.do?sysparm_article=KB12234" icon="WebGoBack"/>
   <Setting name="separator"/>
   <Setting name="Exhibits Tips and Tricks" link="https://alliancebernstein.service-now.com/kb_view.do?sysparm_article=KB13825" icon="RefreshStatus"/> 
   <Setting name="Guide to Publication of Black Books and White Books" link="http://institutional.beehive.com/files/resources/docs/BlackBookPublicationGuide.pdf" icon="RefreshStatus"/>  
   <Setting name="Knowledge Base" link="" icon="RefreshStatus"/>
 </Category>
<Category name="Disclosure.dotm" type="Tools Help Menu">
  <Setting name="How do I handle a Resubmit?" link="https://alliancebernstein.service-now.com/kb_view.do?sysparm_article=KB13848" icon="WebGoBack"/>
  <Setting name="separator"/>
  <Setting name="SA Tools Manual" link="http://institutional.beehive.com/files/resources/docs/SCB SA tools and Approval Procedures.pdf" icon="RefreshStatus"/>
 <Setting name="Knowledge Base" link="" icon="RefreshStatus"/></Category>

</SCBToolsSettings>