<Disclosures>
  <AuthorTextDisclosures>
    <Author name="A.M. (Toni) Sacconaghi, Jr." email="sacconaghi@bernstein.com">
      <Text><![CDATA[All statements in this report attributable to Gartner represent Bernstein's interpretation of data, research opinion or viewpoints published as part of a syndicated subscription service by Gartner, Inc., and have not been reviewed by Gartner. Each Gartner publication speaks as of its original publication date (and not as of the date of this report). The opinions expressed in Gartner publications are not representations of fact, and are subject to change without notice.]]></Text>
    </Author>
    <Author name="Arndt Ellinghorst" email="arndt.ellinghorst@bernstein.com">
      <Text><![CDATA[Arndt Ellinghorst has accepted a role at QuantCo, an enterprise software services company and will be leaving Bernstein in December 2021. During this interim period, Mr. Ellinghorst will continue to provide Bernstein Research in relation to his covered companies whilst also providing limited strategic support to QuantCo’s management team.]]></Text>
    </Author>
    <Author name="Brandon Fletcher, CFA" email="brandon.fletcher@bernstein.com">
      <Text><![CDATA[A family member of Brandon Fletcher is employed by Wal-Mart Stores, Inc. (“WMT”) and maintains a long equity position in Wal-Mart Stores, Inc. (“WMT”).]]></Text>
    </Author>
    <Author name="John McDonald" email="jmcdonald@autonomous.com">
      <Text><![CDATA[John McDonald maintains long equity positions in JP Morgan Chase & Co. and US Bancorp.]]></Text>
    </Author>
    <Author name="Manas Agrawal" email="manas.agrawal@bernstein.com">
      <Text><![CDATA[Manas Agrawal maintains long equity positions in ICICI Bank, Kotak Mahindra Bank, AU Small Finance Bank, and SBI Life.]]></Text>
    </Author>
    <Author name="Nithya Balasubramanian" email="nithya.balasubramanian@bernstein.com">
      <Text><![CDATA[Nithya Balasubramanian and her spouse maintain long equity positions in Cipla Ltd. and Lupin Ltd.   Ms. Balasubramanian was employed by Cipla from September 2013 through August  2019.]]></Text>
    </Author>
    <Author name="Ryan Tunis" email="rtunis@autonomous.com">
      <Text><![CDATA[AXA S.A. holds an equity interest in Equitable Holdings, Inc., which is the ultimate parent company of AllianceBernstein L.P., which in turn wholly-owns Bernstein. In addition, AllianceBernstein L.P. and certain of its affiliates provide investment advisory services and products to AXA S.A. and Equitable Holdings, Inc. Collectively AXA S.A. and certain of its affiliates and Equitable Holdings, Inc. are AllianceBernstein L.P.’s largest client.]]></Text>
    </Author>
    <Author name="Stacy A. Rasgon, Ph.D." email="stacy.rasgon@bernstein.com">
      <Text><![CDATA[All statements in this report attributable to Gartner represent Bernstein's interpretation of data, research opinion or viewpoints published as part of a syndicated subscription service by Gartner, Inc., and have not been reviewed by Gartner. Each Gartner publication speaks as of its original publication date (and not as of the date of this report). The opinions expressed in Gartner publications are not representations of fact, and are subject to change without notice.]]></Text>
    </Author>
    <Author name="Wimal Kapadia" email="wimal.kapadia@bernstein.com">
      <Text><![CDATA[Wimal Kapadia maintains long equity position in Sarepta.  Sarepta entered into a licensing agreement with Roche granting Roche the exclusive commercial rights to Sarepta’s investigational gene therapy for Duchenne muscular dystrophy outside of the United States.]]></Text>
    </Author>
  </AuthorTextDisclosures>
  <SecurityTextDisclosures>
    <Security company="AXA" ticker="CS FP">
      <Text><![CDATA[AXA S.A. holds an equity interest in AXA Equitable Holdings, Inc., which is the ultimate parent company of AllianceBernstein L.P., which in turn wholly-owns Bernstein. In addition, AllianceBernstein L.P. and certain of its affiliates provide investment advisory services and products to AXA S.A. and AXA Equitable Holdings, Inc. Collectively AXA S.A. and certain of its affiliates and AXA Equitable Holdings, Inc. are AllianceBernstein L.P.’s largest client.]]></Text>
    </Security>
    <Security company="Coinbase Global Inc." ticker="COIN US">
      <Text><![CDATA[An associate contributing to this report is pursuing an employment opportunity at Coinbase.]]></Text>
    </Security>
    <Security company="Edwards Lifesciences Corp" ticker="EW US">
      <Text><![CDATA[An associate contributing to this report is pursuing an employment opportunity at Edward Lifesciences.]]></Text>
    </Security>
    <Security company="FIS" ticker="FIS US">
      <Text><![CDATA[FIS. is covered by both the Autonomous brand and the Bernstein brand. For the research ratings and price target history please go to https://bcprod.autonomous.com/disclosure_portal/portal.html for securities covered by Autonomous brand and www.bernsteinresearch.com/go/disclosures for securities covered by the Bernstein brand]]></Text>
    </Security>
    <Security company="Fiserv" ticker="FISV US">
      <Text><![CDATA[Fiserv. is covered by both the Autonomous brand and the Bernstein brand. For the research ratings and price target history please go to https://bcprod.autonomous.com/disclosure_portal/portal.html for securities covered by Autonomous brand and www.bernsteinresearch.com/go/disclosures for securities covered by the Bernstein brand]]></Text>
    </Security>
    <Security company="Global Payments Inc" ticker="GPN US">
      <Text><![CDATA[Global Payments is covered by both the Autonomous brand and the Bernstein brand. For the research ratings and price target history please go to https://bcprod.autonomous.com/disclosure_portal/portal.html for securities covered by Autonomous brand and www.bernsteinresearch.com/go/disclosures for securities covered by the Bernstein brand]]></Text>
    </Security>
    <Security company="JPMorgan Chase" ticker="JPM US">
      <Text><![CDATA[An associate contributing to this report is pursuing an employment opportunity at JPMorgan Chase.]]></Text>
    </Security>
    <Security company="Mastercard Inc" ticker="MA US">
      <Text><![CDATA[Mastercard, Inc. is covered by both the Autonomous brand and the Bernstein brand. For the research ratings and price target history please go to https://bcprod.autonomous.com/disclosure_portal/portal.html for securities covered by Autonomous brand and www.bernsteinresearch.com/go/disclosures for securities covered by the Bernstein brand.]]></Text>
    </Security>
    <Security company="PayPal Holdings Inc" ticker="PYPL US">
      <Text><![CDATA[PayPal Holdings, Inc. is covered by both the Autonomous brand and the Bernstein brand. For the research ratings and price target history please go to https://bcprod.autonomous.com/disclosure_portal/portal.html for securities covered by Autonomous brand and www.bernsteinresearch.com/go/disclosures for securities covered by the Bernstein brand.

An associate contributing to this report is pursuing an employment opportunity at PayPal.]]></Text>
    </Security>
    <Security company="Square Inc" ticker="SQ US">
      <Text><![CDATA[Square is covered by both the Autonomous brand and the Bernstein brand. For the research ratings and price target history please go to https://bcprod.autonomous.com/disclosure_portal/portal.html for securities covered by Autonomous brand and www.bernsteinresearch.com/go/disclosures for securities covered by the Bernstein brand.

An associate contributing to this report is pursuing an employment opportunity at Square.]]></Text>
    </Security>
    <Security company="Visa Inc" ticker="V US">
      <Text><![CDATA[Visa, Inc. is covered by both the Autonomous brand and the Bernstein brand. For the research ratings and price target history please go to https://bcprod.autonomous.com/disclosure_portal/portal.html for securities covered by Autonomous brand and www.bernsteinresearch.com/go/disclosures for securities covered by the Bernstein brand.]]></Text>
    </Security>
    <Security company="Voya Financial" ticker="VOYA US">
      <Text><![CDATA[An associate contributing to this report was employed by Voya from July 2019 until November 2020.

An associate contributing to this report maintains a long position in Voya.]]></Text>
    </Security>
    <Security company="Western Union" ticker="WU US">
      <Text><![CDATA[The brother of Bernstein's Global Head of Research has been appointed CEO and a member of the Board of Directors of the Western Union Company effective January 1, 2022.]]></Text>
    </Security>
  </SecurityTextDisclosures>
  <FirmDisclosures>
    <FirmDisclosure id="1" text="Accounts over which Bernstein and/or their affiliates exercise investment discretion own more than 1% of the outstanding common stock of the following companies (TICKERS).">
      <Security company="Adobe Inc" ticker="ADBE US" />
      <Security company="Anthem Inc" ticker="ANTM US" />
      <Security company="Asahi Group Holdings Ltd" ticker="2502 JP" />
      <Security company="Azimut" ticker="AZM IM" />
      <Security company="Bank Pekao" ticker="PEO PW" />
      <Security company="Beazley" ticker="BEZ LN" />
      <Security company="Casey's General Stores Inc" ticker="CASY US" />
      <Security company="China Longyuan Power Group Corp" ticker="916 HK" />
      <Security company="Citrix Systems Inc" ticker="CTXS US" />
      <Security company="Cognex Corp" ticker="CGNX US" />
      <Security company="Comerica" ticker="CMA US" />
      <Security company="Constellation Brands Inc" ticker="STZ US" />
      <Security company="ConvaTec Group PLC" ticker="CTEC LN" />
      <Security company="Costco Wholesale Corp" ticker="COST US" />
      <Security company="Credit Suisse Group" ticker="CSGN SW" />
      <Security company="EDP - Energias de Portugal SA" ticker="EDP PL" />
      <Security company="Edwards Lifesciences Corp" ticker="EW US" />
      <Security company="Electronic Arts Inc" ticker="EA US" />
      <Security company="Erste Group" ticker="EBS AV" />
      <Security company="Euronext" ticker="ENX FP" />
      <Security company="Everest Re Group" ticker="RE US" />
      <Security company="Fifth Third" ticker="FITB US" />
      <Security company="First Citizens" ticker="FCNCA US" />
      <Security company="Fleetcor" ticker="FLT US" />
      <Security company="Galaxy Entertainment Group Ltd" ticker="27 HK" />
      <Security company="Goldman Sachs" ticker="GS US" />
      <Security company="Goosehead Insurance, Inc." ticker="GSHD US" />
      <Security company="GreenSky" ticker="GSKY US" />
      <Security company="Hain Celestial Group Inc/The" ticker="HAIN US" />
      <Security company="IG Group" ticker="IGG LN" />
      <Security company="International Flavors &amp; Fragrances Inc" ticker="IFF US" />
      <Security company="Intuitive Surgical Inc" ticker="ISRG US" />
      <Security company="IPG Photonics Corp" ticker="IPGP US" />
      <Security company="Jacobs Engineering Group Inc" ticker="J US" />
      <Security company="Johnson Matthey PLC" ticker="JMAT LN" />
      <Security company="Julius Baer Group Ltd" ticker="BAER SW" />
      <Security company="Jyske Bank" ticker="JYSK DC" />
      <Security company="KBC" ticker="KBC BB" />
      <Security company="Koninklijke Ahold Delhaize NV" ticker="AD NA" />
      <Security company="Koninklijke Philips NV" ticker="PHIA NA" />
      <Security company="Kunlun Energy Co Ltd" ticker="135 HK" />
      <Security company="LPL Financial" ticker="LPLA US" />
      <Security company="Mediobanca" ticker="MB IM" />
      <Security company="Meggitt PLC" ticker="MGGT LN" />
      <Security company="Metropolitan Bank &amp; Trust Co" ticker="MBT PM" />
      <Security company="Monster Beverage Corp" ticker="MNST US" />
      <Security company="Network International" ticker="NETW LN" />
      <Security company="NN Group" ticker="NN NA" />
      <Security company="NXP Semiconductors NV" ticker="NXPI US" />
      <Security company="Oshkosh Corp" ticker="OSK US" />
      <Security company="PetroChina Co Ltd" ticker="857 HK" />
      <Security company="Progressive Corp" ticker="PGR US" />
      <Security company="Qualcomm Inc" ticker="QCOM US" />
      <Security company="Repsol SA" ticker="REP SM" />
      <Security company="Silicon Valley Bank" ticker="SIVB US" />
      <Security company="Smith &amp; Nephew PLC" ticker="SN/ LN" />
      <Security company="Spirit Aerosystems Holdings Inc" ticker="SPR US" />
      <Security company="Take-Two Interactive Software Inc" ticker="TTWO US" />
      <Security company="Trupanion, Inc." ticker="TRUP US" />
      <Security company="United Microelectronics Corp" ticker="2303 TT" />
      <Security company="UnitedHealth Group Inc" ticker="UNH US" />
      <Security company="Visa Inc" ticker="V US" />
      <Security company="Volvo AB" ticker="VOLVB SS" />
      <Security company="Zimmer Biomet Holdings Inc" ticker="ZBH US" />
      <Security company="Zions Bancorp." ticker="ZION US" />
    </FirmDisclosure>
    <FirmDisclosure id="2" text="Bernstein currently makes a market in the following companies (TICKERS)." />
    <FirmDisclosure id="3" text="The following companies are or during the past twelve (12) months were clients of Bernstein, which provided non-investment banking-securities related services and received compensation for such services (TICKERS).">
      <Security company="Allianz" ticker="ALV GR" />
      <Security company="Ally Financial" ticker="ALLY US" />
      <Security company="Amundi" ticker="AMUN FP" />
      <Security company="Anima" ticker="ANIM IM" />
      <Security company="Apollo" ticker="APO US" />
      <Security company="Aviva" ticker="AV/ LN" />
      <Security company="Azimut" ticker="AZM IM" />
      <Security company="BAE Systems PLC" ticker="BA/ LN" />
      <Security company="Barclays" ticker="BARC LN" />
      <Security company="BBVA" ticker="BBVA SM" />
      <Security company="BlackRock" ticker="BLK US" />
      <Security company="Blackstone" ticker="BX US" />
      <Security company="BNP Paribas" ticker="BNP FP" />
      <Security company="CIMB Group Holdings Bhd" ticker="CIMB MK" />
      <Security company="Citigroup" ticker="C US" />
      <Security company="Credit Suisse Group" ticker="CSGN SW" />
      <Security company="Danske Bank" ticker="DANSKE DC" />
      <Security company="Deutsche Bank" ticker="DBK GY" />
      <Security company="DNB" ticker="DNB NO" />
      <Security company="Erste Group" ticker="EBS AV" />
      <Security company="Fifth Third" ticker="FITB US" />
      <Security company="Generali" ticker="G IM" />
      <Security company="Handelsbanken" ticker="SHBA SS" />
      <Security company="HDFC Bank Ltd" ticker="HDFCB IN" />
      <Security company="HSBC" ticker="HSBA LN" />
      <Security company="Huntington" ticker="HBAN US" />
      <Security company="ICICI Bank Ltd" ticker="ICICIBC IN" />
      <Security company="Intesa Sanpaolo" ticker="ISP IM" />
      <Security company="Invesco" ticker="IVZ US" />
      <Security company="Janus Henderson" ticker="JHG US" />
      <Security company="JPMorgan Chase" ticker="JPM US" />
      <Security company="Julius Baer Group Ltd" ticker="BAER SW" />
      <Security company="Jyske Bank" ticker="JYSK DC" />
      <Security company="KBC" ticker="KBC BB" />
      <Security company="Legal &amp; General" ticker="LGEN LN" />
      <Security company="Lockheed Martin Corp" ticker="LMT US" />
      <Security company="Mediobanca" ticker="MB IM" />
      <Security company="Microsoft Corp" ticker="MSFT US" />
      <Security company="Morgan Stanley" ticker="MS US" />
      <Security company="Nordea" ticker="NDA SS" />
      <Security company="Northern Trust" ticker="NTRS US" />
      <Security company="Phoenix" ticker="PHNX LN" />
      <Security company="PNC" ticker="PNC US" />
      <Security company="Raiffeisen" ticker="RBI AV" />
      <Security company="Regions" ticker="RF US" />
      <Security company="Samsung Biologics" ticker="207940 KS" />
      <Security company="Santander" ticker="SAN SM" />
      <Security company="State Street" ticker="STT US" />
      <Security company="Swedbank" ticker="SWEDA SS" />
      <Security company="T. Rowe Price" ticker="TROW US" />
      <Security company="UBS" ticker="UBSG SW" />
      <Security company="Voya Financial" ticker="VOYA US" />
      <Security company="Wells Fargo" ticker="WFC US" />
      <Security company="Zurich" ticker="ZURN SW" />
    </FirmDisclosure>
    <FirmDisclosure id="4" text="An affiliate of Bernstein received compensation for non-investment banking-securities related services from the following companies (TICKERS).">
      <Security company="Abbott Laboratories" ticker="ABT US" />
      <Security company="ABN AMRO" ticker="ABN NA" />
      <Security company="Apple Inc" ticker="AAPL US" />
      <Security company="AT&amp;T Inc" ticker="T US" />
      <Security company="Baloise" ticker="BALN SW" />
      <Security company="Banca Generali" ticker="BGN IM" />
      <Security company="Banorte" ticker="GFNORTEO MM" />
      <Security company="Barclays" ticker="BARC LN" />
      <Security company="BASF SE" ticker="BAS GR" />
      <Security company="Bradesco" ticker="BBDC4 BZ" />
      <Security company="Brighthouse Financial" ticker="BHF US" />
      <Security company="Charles Schwab" ticker="SCHW US" />
      <Security company="Credit Agricole" ticker="ACA FP" />
      <Security company="Credit Suisse Group" ticker="CSGN SW" />
      <Security company="Everest Re Group" ticker="RE US" />
      <Security company="Generali" ticker="G IM" />
      <Security company="Gjensidige" ticker="GJF NO" />
      <Security company="Goldman Sachs" ticker="GS US" />
      <Security company="Hiscox" ticker="HSX LN" />
      <Security company="Jyske Bank" ticker="JYSK DC" />
      <Security company="L3Harris Technologies Inc" ticker="LHX US" />
      <Security company="Lockheed Martin Corp" ticker="LMT US" />
      <Security company="Northern Trust" ticker="NTRS US" />
      <Security company="Northrop Grumman Corp" ticker="NOC US" />
      <Security company="Prudential" ticker="PRU LN" />
      <Security company="Prudential Financial" ticker="PRU US" />
      <Security company="Reinsurance Group of America" ticker="RGA US" />
      <Security company="Royal Dutch Shell PLC" ticker="RDSB LN" />
      <Security company="Royal Dutch Shell PLC" ticker="RDSA LN" />
      <Security company="Royal Dutch Shell PLC" ticker="RDS/B US" />
      <Security company="Royal Dutch Shell PLC" ticker="RDS/A US" />
      <Security company="Royal Dutch Shell PLC" ticker="RDSB NA" />
      <Security company="Royal Dutch Shell PLC" ticker="RDSA NA" />
      <Security company="RWE AG" ticker="RWE GR" />
      <Security company="State Street" ticker="STT US" />
      <Security company="Swiss Re" ticker="SREN SW" />
      <Security company="UBS" ticker="UBSG SW" />
      <Security company="Verizon Communications Inc" ticker="VZ US" />
      <Security company="Zurich" ticker="ZURN SW" />
    </FirmDisclosure>
    <FirmDisclosure id="5" text="In the past twelve (12) months, Bernstein or an affiliate managed or co-managed a public offering of securities of (TICKERS)." />
    <FirmDisclosure id="6" text="In the past twelve (12) months, Bernstein or an affiliate received compensation for investment banking services from (TICKERS)." />
    <FirmDisclosure id="7" text="In the next three (3) months, Bernstein or an affiliate expects to receive or intends to seek compensation for investment banking services from (TICKERS)." />
  </FirmDisclosures>
  <Holdings />
</Disclosures>