﻿Date,Ticker,PubNo,Rating,RatingAction,TargetPrice,Currency,TargetPriceAction,Analyst,CUSIP,SEDOL,ISIN,Industry
12/06/2021,9626.HK,165795,O,Reiterate,620.00,HKD,Decrease,Zhu,NA,BLF8533,KYG1098A1013,China Internet
12/06/2021,ADE.NO,165796,M,Reiterate,134.00,NOK,Decrease,Littunen,NA,BJ0DP40,NO0010844038,European Media
12/06/2021,BILI,165795,O,Reiterate,80.00,USD,Decrease,Zhu,090040106,BFNLRN6,US0900401060,China Internet
12/06/2021,GRUB,165798,M,Initiate,17.40,USD,Update,Woods,48214T305,BMHH2Y5,US48214T3059,European Food Delivery
12/06/2021,JET.LN,165798,M,Downgrade,6500.00,GBp,Decrease,Woods,NA,BKM1QM4,NL0012015705,European Food Delivery
12/06/2021,PDD,165795,O,Reiterate,100.00,USD,Decrease,Zhu,722304102,BYVW0F7,US7223041028,China Internet
12/06/2021,TKWY.NA,165798,M,Downgrade,75.00,EUR,Decrease,Woods,NA,BYQ7HZ6,NL0012015705,European Food Delivery
12/03/2021,GLEN.LN,165773,M,Reiterate,345.00,GBp,Decrease,Brackett,NA,B4T3BW6,JE00B4T3BW64,Global Metals & Mining
12/03/2021,KR,165788,O,Reiterate,56.00,USD,Increase,Fletcher,501044101,2497406,US5010441013,U.S. Broadlines & Hardlines Retail
12/03/2021,TRMB,165783,O,Reiterate,108.00,USD,Increase,Dillard,896239100,2903958,US8962391004,U.S. Machinery
12/02/2021,2015.HK,165746,O,Reiterate,187.00,HKD,Increase,Lee,NA,BMW5M00,KYG5479M1050,Asian Autos
12/02/2021,2238.HK,165746,M,Reiterate,8.50,HKD,Increase,Lee,NA,B433995,CNE100000Q35,Asian Autos
12/02/2021,600104.CH,165746,M,Reiterate,20.00,CNY,Increase,Lee,NA,6086974,CNE000000TY6,Asian Autos
12/02/2021,9868.HK,165746,O,Reiterate,253.00,HKD,Increase,Lee,NA,BP6FB33,KYG982AW1003,Asian Autos
12/02/2021,CDR.PW,165751,M,Reiterate,160.00,PLN,Increase,Littunen,NA,7302215,PLOPTTC00011,European Media
12/02/2021,LI,165746,O,Reiterate,48.00,USD,Increase,Lee,50202M102,BMXHCD8,US50202M1027,Asian Autos
12/02/2021,SPLK,165758,M,Reiterate,124.00,USD,Decrease,Moerdler,848637104,B424494,US8486371045,Global Software
12/02/2021,VALE,165755,M,Reiterate,15.45,USD,Increase,Brackett,91912E105,2857334,US91912E1055,Global Metals & Mining
12/02/2021,VALE3.BZ,165755,M,Reiterate,85.00,BRL,Increase,Brackett,NA,2196286,BRVALEACNOR0,Global Metals & Mining
12/02/2021,XPEV,165746,O,Reiterate,65.00,USD,Increase,Lee,98422D105,BMXR2T4,US98422D1054,Asian Autos
12/01/2021,CRM,165740,M,Reiterate,295.00,USD,Increase,Moerdler,79466L302,2310525,US79466L3024,Global Software
12/01/2021,EZJ.LN,165731,O,Reiterate,875.00,GBp,Increase,Irving,NA,B7KR2P8,GB00B7KR2P84,European Transport
12/01/2021,VALE,165735,M,Reiterate,15.45,USD,Increase,Brackett,91912E105,2857334,US91912E1055,Global Metals & Mining
12/01/2021,VALE3.BZ,165735,M,Reiterate,85.00,BRL,Increase,Brackett,NA,2196286,BRVALEACNOR0,Global Metals & Mining
11/30/2021,BGNE,165708,O,Reiterate,445.00,USD,Increase,Liang,07725L102,BYYWPW6,US07725L1026,China Pharma and Biotech
11/30/2021,CQP,165718,M,Reiterate,43.00,USD,Increase,Salisbury,16411Q101,B1VNH36,US16411Q1013,U.S. Natural Gas & MLPs
11/30/2021,EVK.GR,165714,O,Reiterate,41.00,EUR,Decrease,Zechmann,NA,B5ZQ9D3,DE000EVNK013,European Industrial & Consumer Chemicals
11/30/2021,LNG,165718,O,Reiterate,125.00,USD,Increase,Salisbury,16411R208,2654364,US16411R2085,U.S. Natural Gas & MLPs
11/30/2021,PHG,165712,O,Reiterate,50.50,USD,Decrease,Clive,500472303,2614313,US5004723038,European Medical Devices & Services
11/30/2021,PHIA.NA,165712,O,Reiterate,45.00,EUR,Decrease,Clive,NA,5986622,NL0000009538,European Medical Devices & Services
11/29/2021,600438.CH,165699,O,Initiate,65.00,CNY,Update,Wang,NA,6743815,CNE000001GS3,"Asian Renewables, Power and Coal"
11/29/2021,BRBY.LN,165689,M,Reiterate,1972.00,GBp,Decrease,Solca,NA,3174300,GB0031743007,Global Luxury Goods
11/29/2021,THBEV.SP,165685,M,Reiterate,0.75,SGD,Decrease,McLeish,NA,B15F664,TH0902010014,Asia-Pacific Beverages
11/26/2021,RCO.FP,165681,U,Reiterate,156.00,EUR,Increase,Stirling,NA,4741714,FR0000130395,European & American Alcoholic Beverages
11/25/2021,ELIOR.FP,165667,M,Reiterate,6.00,EUR,Increase,Clarke,NA,BN40H61,FR0011950732,Global Catering
11/24/2021,1024.HK,165645,O,Upgrade,120.00,HKD,Increase,Zhu,NA,BLC90T0,KYG532631028,China Internet
11/24/2021,ADI,165649,O,Reiterate,210.00,USD,Increase,Rasgon,032654105,2032067,US0326541051,U.S. Semiconductors
11/24/2021,DLTR,165660,O,Reiterate,155.00,USD,Increase,Fletcher,256746108,2272476,US2567461080,U.S. Broadlines & Hardlines Retail
11/24/2021,J,165652,O,Reiterate,165.00,USD,Increase,Dillard,469814107,2469052,US4698141078,U.S. Machinery
11/24/2021,MDT,165651,O,Reiterate,143.00,USD,Decrease,Hambright,NA,BTN1Y11,IE00BTN1Y115,U.S. Medical Devices
11/24/2021,VIV.FP,165647,M,Reiterate,12.50,EUR,Increase,Littunen,NA,4834777,FR0000127771,European Media
11/24/2021,VMW,165653,O,Reiterate,152.00,USD,Decrease,Moerdler,928563402,B23SN61,US9285634021,Global Software
11/24/2021,ZTO,165644,O,Reiterate,37.00,USD,Increase,Leung,98980A105,BYYDFN0,US98980A1051,Asia Logistics and Travel
11/23/2021,8035.JP,165626,O,Reiterate,70000.00,JPY,Increase,Li,NA,6895675,JP3571400005,Asian and European Semiconductors and Equipment
11/23/2021,9618.HK,165623,O,Reiterate,405.00,HKD,Increase,Zhu,NA,BKPQZT6,KYG8208B1014,China Internet
11/23/2021,9988.HK,165623,M,Reiterate,170.00,HKD,Decrease,Zhu,NA,BK6YZP5,KYG017191142,China Internet
11/23/2021,ASML,165626,M,Reiterate,867.00,USD,Increase,Li,NA,B908F01,USN070592100,Asian and European Semiconductors and Equipment
11/23/2021,ASML.NA,165626,M,Reiterate,770.00,EUR,Increase,Li,NA,B929F46,NL0010273215,Asian and European Semiconductors and Equipment
11/23/2021,BABA,165623,M,Reiterate,165.00,USD,Decrease,Zhu,01609W102,BP41ZD1,US01609W1027,China Internet
11/23/2021,JD,165623,O,Reiterate,105.00,USD,Increase,Zhu,47215P106,BMM27D9,US47215P1066,China Internet
11/23/2021,SJM,165650,U,Reiterate,114.00,USD,Increase,Howard,832696405,2951452,US8326964058,U.S. Food
11/22/2021,EMBRACB.SS,165606,O,Reiterate,144.00,SEK,Decrease,Littunen,NA,BMDTR73,SE0016828511,European Media
11/22/2021,MSIL.IN,165604,M,Downgrade,8000.00,INR,Increase,Garre,NA,6633712,INE585B01010,India Autos
11/19/2021,000651.CH,165583,M,Reiterate,41.00,CNY,Decrease,Hu,NA,6990257,CNE0000001D4,China Consumer
11/19/2021,AMAT,165594,O,Reiterate,175.00,USD,Increase,Rasgon,038222105,2046552,US0382221051,U.S. Semiconductor Capital Equipment
11/19/2021,KO,165590,O,Reiterate,63.00,USD,Increase,Elliott,191216100,2206657,US1912161007,U.S. Beverages and Snacks
11/19/2021,MTX.GR,165596,O,Reiterate,236.00,EUR,Decrease,Zhao,NA,B09DHL9,DE000A0D9PT0,Global Aerospace & Defense
11/19/2021,OSH,165599,O,Reiterate,60.00,USD,Decrease,Wilkes,67181A107,BN2XDL9,US67181A1079,U.S. Healthcare Services
11/19/2021,RMG.LN,165589,O,Reiterate,700.00,GBp,Increase,Irving,NA,BDVZYZ7,GB00BDVZYZ77,European Transport
11/19/2021,WDAY,165593,O,Reiterate,323.00,USD,Increase,Moerdler,98138H101,B8K6ZD1,US98138H1014,Global Software
11/18/2021,NVDA,165572,O,Reiterate,360.00,USD,Increase,Rasgon,67066G104,2379504,US67066G1040,U.S. Semiconductors
11/18/2021,REL.LN,165562,M,Reiterate,2150.00,GBp,Increase,Littunen,NA,B2B0DG9,GB00B2B0DG97,European Media
11/18/2021,REN.NA,165562,M,Reiterate,25.47,EUR,Increase,Littunen,NA,BYWLC68,GB00B2B0DG97,European Media
11/18/2021,UPS,165571,O,Reiterate,264.00,USD,Increase,Vernon,911312106,2517382,US9113121068,North American Transportation
11/17/2021,1299.HK,165544,M,Initiate,88.00,HKD,Update,Yu,NA,B4TX8S1,HK0000069689,Asian Insurance
11/17/2021,207940.KS,165546,O,Reiterate,1099484.09,KRW,Increase,Balasubramanian,NA,BYNJCV6,KR7207940008,India Healthcare
11/17/2021,2318.HK,165544,O,Initiate,100.00,HKD,Update,Yu,NA,B01FLR7,CNE1000003X6,Asian Insurance
11/17/2021,601318.CH,165544,O,Initiate,84.00,CNY,Update,Yu,NA,B1SVWB6,CNE000001R84,Asian Insurance
11/17/2021,ARMK,165547,M,Reiterate,39.00,USD,Increase,Clarke,03852U106,BH3XG17,US03852U1060,Global Catering
11/17/2021,CLPBY,165534,O,Reiterate,20.50,USD,Increase,Clive,19624Y200,BLFFNJ6,US19624Y2000,European Medical Devices & Services
11/17/2021,COLOB.DC,165534,O,Reiterate,1350.00,DKK,Increase,Clive,NA,B8FMRX8,DK0060448595,European Medical Devices & Services
11/17/2021,DEO,165541,M,Reiterate,194.00,USD,Increase,Stirling,25243Q205,2144724,US25243Q2057,European & American Alcoholic Beverages
11/17/2021,DGE.LN,165541,M,Reiterate,3600.00,GBp,Increase,Stirling,NA,0237400,GB0002374006,European & American Alcoholic Beverages
11/17/2021,PYPL,165553,M,Downgrade,220.00,USD,Decrease,Rawat,70450Y103,BYW36M8,US70450Y1038,U.S. Payments
11/17/2021,QCOM,165537,O,Reiterate,225.00,USD,Increase,Rasgon,747525103,2714923,US7475251036,U.S. Semiconductors
11/17/2021,WMT,165554,O,Reiterate,172.00,USD,Increase,Fletcher,931142103,2936921,US9311421039,U.S. Broadlines & Hardlines Retail
11/16/2021,6324.JP,165504,U,Downgrade,3500.00,JPY,Decrease,Huang,NA,6108179,JP3765150002,Asian Industrial Technology
11/16/2021,BAS.GR,165511,O,Reiterate,114.00,EUR,Increase,Zechmann,NA,5086577,DE000BASF111,European Industrial & Consumer Chemicals
11/16/2021,DSM.NA,165511,U,Reiterate,156.00,EUR,Increase,Zechmann,NA,B0HZL93,NL0000009827,European Industrial & Consumer Chemicals
11/16/2021,EVK.GR,165511,O,Reiterate,44.00,EUR,Increase,Zechmann,NA,B5ZQ9D3,DE000EVNK013,European Industrial & Consumer Chemicals
11/16/2021,GIVN.SW,165511,U,Reiterate,3700.00,CHF,Increase,Zechmann,NA,5980613,CH0010645932,European Industrial & Consumer Chemicals
11/16/2021,IFF,165511,O,Reiterate,181.00,USD,Decrease,Zechmann,459506101,2464165,US4595061015,European Industrial & Consumer Chemicals
11/16/2021,NZYMB.DC,165511,O,Reiterate,560.00,DKK,Increase,Zechmann,NA,B798FW0,DK0060336014,European Industrial & Consumer Chemicals
11/16/2021,SY1.GR,165511,M,Reiterate,106.00,EUR,Decrease,Zechmann,NA,B1JB4K8,DE000SYM9999,European Industrial & Consumer Chemicals
11/16/2021,TSN,165538,O,Reiterate,95.00,USD,Increase,Howard,902494103,2909730,US9024941034,U.S. Food
11/16/2021,WMG,165513,M,Reiterate,45.00,USD,Decrease,Juenger,934550203,BLGJ610,US9345502036,U.S. Media
11/15/2021,GLAND.IN,165489,O,Reiterate,3931.00,INR,Decrease,Balasubramanian,NA,BN8ZT55,INE068V01023,India Healthcare
11/15/2021,GMAB.DC,165480,O,Reiterate,3150.00,DKK,Increase,Kapadia,NA,4595739,DK0010272202,EU Biopharmaceuticals
11/15/2021,ITV.LN,165476,M,Upgrade,125.00,GBp,Increase,Littunen,NA,3398649,GB0033986497,European Media
11/13/2021,ALKEM.IN,165475,M,Reiterate,3354.00,INR,Decrease,Balasubramanian,NA,BYY2WB4,INE540L01014,India Healthcare
11/12/2021,000660.KS,165454,U,Reiterate,85000.00,KRW,Increase,Li,NA,6450267,KR7000660001,Global Memory
11/12/2021,9926.HK,165472,O,Reiterate,63.00,HKD,Increase,Liang,NA,BLFJ7Y1,KYG0146B1032,China Pharma and Biotech
11/12/2021,BAYN.GR,165455,O,Reiterate,79.00,EUR,Increase,Zechmann,NA,5069211,DE000BAY0017,European Industrial & Consumer Chemicals
11/12/2021,BOOT.IN,165474,U,Reiterate,14330.24,INR,Increase,Balasubramanian,NA,6150590,INE358A01014,India Healthcare
11/12/2021,SAF.FP,165458,M,Reiterate,127.00,EUR,Increase,Zhao,NA,B058TZ6,FR0000073272,Global Aerospace & Defense
11/12/2021,SGRE.SM,165457,O,Reiterate,30.00,EUR,Increase,Venkateswaran,NA,B01CP21,ES0143416115,EU Wind OEMs
11/12/2021,SMSN.LI,165454,U,Reiterate,1230.00,USD,Decrease,Li,796050888,4942818,US7960508882,Global Memory
11/11/2021,000660.KS,165452,U,Reiterate,85000.00,KRW,Increase,Li,NA,6450267,KR7000660001,Global Memory
11/11/2021,700.HK,165423,O,Reiterate,600.00,HKD,Decrease,Zhu,NA,BMMV2K8,KYG875721634,China Internet
11/11/2021,AD.NA,165425,O,Reiterate,32.00,EUR,Increase,Woods,NA,BD0Q398,NL0011794037,European Food Retail
11/11/2021,BYND,165436,M,Downgrade,100.00,USD,Decrease,Howard,08862E109,BJ1FDK7,US08862E1091,U.S. Food
11/11/2021,DIS,165437,M,Reiterate,164.00,USD,Decrease,Juenger,254687106,2270726,US2546871060,U.S. Media
11/11/2021,IPGP,165438,M,Downgrade,160.00,USD,Decrease,Huang,44980X109,2698782,US44980X1090,Asian Industrial Technology
11/11/2021,MRK.GR,165453,M,Reiterate,215.00,EUR,Increase,Kapadia,NA,4741844,DE0006599905,EU Biopharmaceuticals
11/11/2021,OKE,165433,O,Reiterate,68.00,USD,Increase,Salisbury,682680103,2130109,US6826801036,U.S. Natural Gas & MLPs
11/11/2021,SMSN.LI,165452,U,Reiterate,1230.00,USD,Decrease,Li,796050888,4942818,US7960508882,Global Memory
11/11/2021,TELIA.SS,165431,M,Reiterate,33.60,SEK,Decrease,Noel,NA,5978384,SE0000667925,European Telecommunications
11/11/2021,WMB,165433,O,Reiterate,31.00,USD,Increase,Salisbury,969457100,2967181,US9694571004,U.S. Natural Gas & MLPs
11/10/2021,2503.JP,165408,M,Reiterate,2150.00,JPY,Decrease,McLeish,497350108,6493745,JP3258000003,Asia-Pacific Beverages
11/10/2021,603605.CH,165389,O,Reiterate,245.00,CNY,Increase,Hu,NA,BYZKX81,CNE100002TP9,China Consumer
11/10/2021,603983.CH,165422,U,Downgrade,14.00,CNY,Decrease,Hu,NA,BJ17BJ8,CNE100003M51,China Consumer
11/10/2021,COIN,165411,M,Reiterate,275.00,USD,Increase,Rawat,19260Q107,BMC9P69,US19260Q1076,U.S. Payments
11/10/2021,HAIN,165395,O,Reiterate,52.00,USD,Increase,Howard,405217100,2492337,US4052171000,U.S. Food
11/10/2021,IFX.GR,165414,O,Reiterate,48.00,EUR,Increase,Li,NA,5889505,DE0006231004,Asian and European Semiconductors and Equipment
11/10/2021,SHL.GR,165390,O,Reiterate,68.00,EUR,Increase,Clive,NA,BD594Y4,DE000SHL1006,European Medical Devices & Services
11/10/2021,SPCE,165394,M,Reiterate,22.00,USD,Decrease,Harned,92766K106,BKWBFH2,US92766K1060,Global Aerospace & Defense
11/09/2021,ARBP.IN,165377,M,Reiterate,848.00,INR,Decrease,Balasubramanian,NA,6702634,INE406A01037,India Healthcare
11/09/2021,BBL.TB,165355,M,Reiterate,145.00,THB,Increase,Kwek,NA,6077008,TH0001010006,Pan-Asia Financials and Fintech
11/09/2021,KBANK.TB,165355,M,Reiterate,160.00,THB,Increase,Kwek,NA,6888783,TH0016010009,Pan-Asia Financials and Fintech
11/09/2021,MONC.IM,165364,O,Reiterate,75.00,EUR,Increase,Solca,NA,BGLP232,IT0004965148,Global Luxury Goods
11/09/2021,PYPL,165379,O,Reiterate,260.00,USD,Decrease,Rawat,70450Y103,BYW36M8,US70450Y1038,U.S. Payments
11/09/2021,SCB.TB,165355,O,Reiterate,155.00,THB,Increase,Kwek,NA,6889924,TH0015010000,Pan-Asia Financials and Fintech
11/09/2021,SN/.LN,165360,O,Reiterate,1600.00,GBp,Decrease,Clive,NA,0922320,GB0009223206,European Medical Devices & Services
11/09/2021,SNN,165360,O,Reiterate,43.50,USD,Decrease,Clive,83175M205,2615565,US83175M2052,European Medical Devices & Services
11/08/2021,AF.FP,165334,U,Reiterate,1.80,EUR,Increase,Irving,NA,4916039,FR0000031122,European Transport
11/08/2021,DKNG,165348,O,Reiterate,65.00,USD,Decrease,Umansky,26142R104,BMYML02,US26142R1041,Global Gaming
11/08/2021,EOG,165341,O,Reiterate,122.00,USD,Increase,Brackett,26875P101,2318024,US26875P1012,North American Oil & Gas Exploration/Production
11/08/2021,EZJ.LN,165334,O,Reiterate,845.00,GBp,Increase,Irving,NA,B7KR2P8,GB00B7KR2P84,European Transport
11/08/2021,HII,165340,M,Reiterate,230.00,USD,Decrease,Harned,446413106,B40SSC9,US4464131063,Global Aerospace & Defense
11/08/2021,IAG.LN,165334,M,Downgrade,180.00,GBp,Decrease,Irving,NA,B5M6XQ7,ES0177542018,European Transport
11/08/2021,LHA.GR,165334,O,Upgrade,8.55,EUR,Increase,Irving,NA,5287488,DE0008232125,European Transport
11/08/2021,RYA.ID,165334,M,Downgrade,18.40,EUR,Decrease,Irving,NA,BYTBXV3,IE00BYTBXV33,European Transport
11/08/2021,RYAAY,165334,M,Downgrade,126.00,USD,Increase,Irving,783513203,BYYN585,US7835132033,European Transport
11/08/2021,WIZZ.LN,165334,O,Reiterate,6875.00,GBp,Increase,Irving,NA,BN574F9,JE00BN574F90,European Transport
11/05/2021,CGNX,165317,M,Reiterate,75.00,USD,Decrease,Huang,192422103,2208288,US1924221039,Asian Industrial Technology
11/05/2021,COP,165297,O,Reiterate,98.00,USD,Increase,Brackett,20825C104,2685717,US20825C1045,North American Oil & Gas Exploration/Production
11/05/2021,CTXS,165301,O,Reiterate,117.00,USD,Decrease,Moerdler,177376100,2182553,US1773761002,Global Software
11/05/2021,DEMANT.DC,165290,U,Reiterate,235.00,DKK,Increase,Clive,NA,BZ01RF1,DK0060738599,European Medical Devices & Services
11/05/2021,GLPG.NA,165325,M,Reiterate,55.00,EUR,Decrease,Kapadia,NA,B07Q2V5,BE0003818359,EU Biopharmaceuticals
11/05/2021,GOLD,165319,O,Reiterate,27.00,USD,Increase,Chigumira,067901108,2024677,CA0679011084,Global Metals & Mining
11/05/2021,LGF/B,165305,M,Reiterate,12.00,USD,Decrease,Juenger,535919500,BD8NB53,CA5359195008,U.S. Media
11/05/2021,PINS,165304,M,Reiterate,50.00,USD,Decrease,Shmulik,72352L106,BJ2Z0H2,US72352L1061,U.S. Internet
11/05/2021,PXD,165297,O,Reiterate,209.00,USD,Increase,Brackett,723787107,2690830,US7237871071,North American Oil & Gas Exploration/Production
11/05/2021,SFM,165324,O,Reiterate,30.00,USD,Decrease,Fletcher,85208M102,BCGCR79,US85208M1027,U.S. Broadlines & Hardlines Retail
11/05/2021,VIAC,165305,U,Reiterate,24.00,USD,Decrease,Juenger,92556H206,BKTNTR9,US92556H2067,U.S. Media
11/05/2021,WKL.NA,165292,O,Reiterate,107.00,EUR,Increase,Littunen,NA,5671519,NL0000395903,European Media
11/05/2021,ZBH,165307,M,Reiterate,159.00,USD,Decrease,Hambright,98956P102,2783815,US98956P1021,U.S. Medical Devices
11/04/2021,DVN,165248,O,Reiterate,51.00,USD,Increase,Brackett,25179M103,2480677,US25179M1036,North American Oil & Gas Exploration/Production
11/04/2021,E,165243,U,Reiterate,30.00,USD,Decrease,Clint,26874R108,2297435,US26874R1086,European Oil & Gas
11/04/2021,EA,165252,O,Reiterate,178.00,USD,Increase,Juenger,285512109,2310194,US2855121099,U.S. Media
11/04/2021,EQNR,165243,O,Reiterate,32.00,USD,Increase,Clint,29446M102,BF4K3J0,US29446M1027,European Oil & Gas
11/04/2021,MAR,165267,M,Reiterate,169.00,USD,Increase,Clarke,571903202,2210614,US5719032022,Global Hotels & Leisure
11/04/2021,NOVOB.DC,165242,O,Reiterate,725.00,DKK,Increase,Kapadia,NA,BHC8X90,DK0060534915,EU Biopharmaceuticals
11/04/2021,RDS/A,165243,O,Reiterate,63.00,USD,Decrease,Clint,780259206,B03MM62,US7802592060,European Oil & Gas
11/04/2021,RDS/B,165243,O,Reiterate,63.00,USD,Decrease,Clint,780259107,B03MM73,US7802591070,European Oil & Gas
11/04/2021,TUI.LN,165240,M,Upgrade,215.00,GBp,Decrease,Clarke,NA,B11LJN4,DE000TUAG000,Global Hotels & Leisure
11/04/2021,TUI1.GR,165240,M,Upgrade,2.50,EUR,Update,Clarke,NA,5666292,DE000TUAG000,Global Hotels & Leisure
11/03/2021,601888.CH,165197,O,Reiterate,280.00,CNY,Decrease,Leung,NA,B42G7J1,CNE100000G29,Asia Logistics and Travel
11/03/2021,ATVI,165211,M,Reiterate,78.00,USD,Decrease,Juenger,00507V109,2575818,US00507V1098,U.S. Media
11/03/2021,BHARTI.IN,165234,O,Reiterate,800.99,INR,Increase,Malhotra,NA,6442327,INE397D01024,"India Technology, Media & Internet"
11/03/2021,DELL,165213,M,Reiterate,63.00,USD,Decrease,Sacconaghi,24703L202,BHKD3S6,US24703L2025,U.S. IT Hardware
11/03/2021,DVA,165203,M,Reiterate,112.00,USD,Decrease,Clive,23918K108,2898087,US23918K1088,European Medical Devices & Services
11/03/2021,GPN,165228,O,Reiterate,160.00,USD,Decrease,Rawat,37940X102,2712013,US37940X1028,U.S. Payments
11/03/2021,JMT.PL,165239,M,Reiterate,19.50,EUR,Increase,Woods,NA,B1Y1SQ7,PTJMT0AE0001,European Food Retail
11/03/2021,MTX.GR,165201,O,Reiterate,240.00,EUR,Decrease,Zhao,NA,B09DHL9,DE000A0D9PT0,Global Aerospace & Defense
11/03/2021,ORK.NO,165199,M,Reiterate,90.00,NOK,Increase,Monteyne,NA,B1VQF42,NO0003733800,European Food
11/03/2021,SABR,165216,O,Reiterate,15.00,USD,Decrease,Moerdler,78573M104,BLLHH27,US78573M1045,Global Software
11/03/2021,SUNP.IN,165193,O,Reiterate,901.00,INR,Increase,Balasubramanian,NA,6582483,INE044A01036,India Healthcare
11/03/2021,WPP,165198,M,Upgrade,67.60,USD,Increase,Littunen,92937A102,B7YQHN4,US92937A1025,European Media
11/03/2021,WPP.LN,165198,M,Upgrade,990.00,GBp,Increase,Littunen,NA,B8KF9B4,JE00B8KF9B49,European Media
11/02/2021,GLEN.LN,165172,M,Reiterate,375.00,GBp,Increase,Brackett,NA,B4T3BW6,JE00B4T3BW64,Global Metals & Mining
11/01/2021,AMP.IM,165140,M,Reiterate,40.00,EUR,Increase,Clive,NA,B14NJ71,IT0004056880,European Medical Devices & Services
11/01/2021,ATVI,165147,M,Initiate,82.00,USD,Update,Juenger,00507V109,2575818,US00507V1098,U.S. Media
11/01/2021,BEI.GR,165139,M,Upgrade,93.00,EUR,Increase,Monteyne,NA,5107401,DE0005200000,European Household & Personal Care
11/01/2021,BN.FP,165139,M,Upgrade,54.00,EUR,Increase,Monteyne,NA,B1Y9TB3,FR0000120644,European Food
11/01/2021,DIS,165147,M,Initiate,167.00,USD,Update,Juenger,254687106,2270726,US2546871060,U.S. Media
11/01/2021,DISCA,165147,M,Initiate,26.00,USD,Update,Juenger,25470F104,B3D7K31,US25470F1049,U.S. Media
11/01/2021,EA,165147,O,Initiate,175.00,USD,Update,Juenger,285512109,2310194,US2855121099,U.S. Media
11/01/2021,HEN.GR,165139,M,Reiterate,82.00,EUR,Decrease,Monteyne,NA,5002465,DE0006048408,European Household & Personal Care
11/01/2021,HEN3.GR,165139,M,Reiterate,89.00,EUR,Decrease,Monteyne,NA,5076705,DE0006048432,European Household & Personal Care
11/01/2021,LGF/B,165147,M,Initiate,13.00,USD,Update,Juenger,535919500,BD8NB53,CA5359195008,U.S. Media
11/01/2021,LU,165159,M,Upgrade,6.00,USD,Update,Kwek,54975P102,BNDK6G5,US54975P1021,Pan-Asia Financials and Fintech
11/01/2021,NESN.SW,165139,O,Reiterate,130.00,CHF,Increase,Monteyne,NA,7123870,CH0038863350,European Food
11/01/2021,NFLX,165147,O,Initiate,751.00,USD,Update,Juenger,64110L106,2857817,US64110L1061,U.S. Media
11/01/2021,NLSN,165147,O,Initiate,28.00,USD,Update,Juenger,NA,BWFY550,GB00BWFY5505,U.S. Media
11/01/2021,RKT.LN,165139,M,Reiterate,5500.00,GBp,Increase,Monteyne,NA,B24CGK7,GB00B24CGK77,European Household & Personal Care
11/01/2021,SPOT,165147,M,Initiate,280.00,USD,Update,Juenger,NA,BFZ1K46,LU1778762911,U.S. Media
11/01/2021,STMN.SW,165143,M,Reiterate,1700.00,CHF,Increase,Clive,NA,7156832,CH0012280076,European Medical Devices & Services
11/01/2021,TTWO,165147,O,Initiate,264.00,USD,Update,Juenger,874054109,2122117,US8740541094,U.S. Media
11/01/2021,ULVR.LN,165139,M,Upgrade,3500.00,GBp,Update,Monteyne,NA,B10RZP7,GB00B10RZP78,European Food
11/01/2021,UNA.NA,165139,M,Upgrade,40.50,EUR,Update,Monteyne,NA,BLRB262,GB00B10RZP78,European Food
11/01/2021,VALE,165145,M,Reiterate,14.70,USD,Decrease,Brackett,91912E105,2857334,US91912E1055,Global Metals & Mining
11/01/2021,VALE3.BZ,165145,M,Reiterate,80.00,BRL,Decrease,Brackett,NA,2196286,BRVALEACNOR0,Global Metals & Mining
11/01/2021,VIAC,165147,U,Initiate,26.00,USD,Update,Juenger,92556H206,BKTNTR9,US92556H2067,U.S. Media
11/01/2021,WMG,165147,M,Initiate,46.00,USD,Update,Juenger,934550203,BLGJ610,US9345502036,U.S. Media
10/31/2021,000568.CH,165136,M,Reiterate,230.00,CNY,Increase,McLeish,NA,6517485,CNE000000GF2,Asia-Pacific Beverages
10/31/2021,000858.CH,165136,O,Reiterate,350.00,CNY,Decrease,McLeish,NA,6109901,CNE000000VQ8,Asia-Pacific Beverages
10/31/2021,600809.CH,165136,U,Reiterate,210.00,CNY,Increase,McLeish,NA,6808361,CNE000000DH5,Asia-Pacific Beverages
10/30/2021,DRRD.IN,165130,O,Reiterate,5034.00,INR,Decrease,Balasubramanian,NA,6410959,INE089A01023,India Healthcare
10/29/2021,168.HK,165071,O,Reiterate,85.00,HKD,Increase,McLeish,NA,6905808,CNE1000004K1,Asia-Pacific Beverages
10/29/2021,600600.CH,165071,U,Reiterate,70.00,CNY,Increase,McLeish,NA,6902854,CNE0000009Y3,Asia-Pacific Beverages
10/29/2021,AGCO,165090,O,Reiterate,177.00,USD,Decrease,Dillard,001084102,2010278,US0010841023,U.S. Machinery
10/29/2021,BBY,165111,U,Reiterate,82.00,USD,Increase,Fletcher,086516101,2094670,US0865161014,U.S. Broadlines & Hardlines Retail
10/29/2021,BHARTI.IN,165113,O,Reiterate,796.00,INR,Increase,Malhotra,NA,6442327,INE397D01024,"India Technology, Media & Internet"
10/29/2021,CARLB.DC,165092,O,Reiterate,1310.00,DKK,Increase,Stirling,NA,4169219,DK0010181759,European & American Alcoholic Beverages
10/29/2021,CAT,165085,M,Reiterate,200.00,USD,Increase,Dillard,149123101,2180201,US1491231015,U.S. Machinery
10/29/2021,COST,165111,U,Reiterate,284.00,USD,Increase,Fletcher,22160K105,2701271,US22160K1051,U.S. Broadlines & Hardlines Retail
10/29/2021,DG,165111,M,Reiterate,190.00,USD,Increase,Fletcher,256677105,B5B1S13,US2566771059,U.S. Broadlines & Hardlines Retail
10/29/2021,DLTR,165111,O,Reiterate,130.00,USD,Increase,Fletcher,256746108,2272476,US2567461080,U.S. Broadlines & Hardlines Retail
10/29/2021,KR,165111,O,Reiterate,54.00,USD,Increase,Fletcher,501044101,2497406,US5010441013,U.S. Broadlines & Hardlines Retail
10/29/2021,NEM,165129,O,Reiterate,65.00,USD,Decrease,Chigumira,651639106,2636607,US6516391066,Global Metals & Mining
10/29/2021,NOC,165086,O,Reiterate,447.00,USD,Decrease,Harned,666807102,2648806,US6668071029,Global Aerospace & Defense
10/29/2021,OSK,165087,M,Reiterate,112.00,USD,Decrease,Dillard,688239201,2663520,US6882392011,U.S. Machinery
10/29/2021,SYK,165084,M,Reiterate,288.00,USD,Increase,Hambright,863667101,2853688,US8636671013,U.S. Medical Devices
10/29/2021,TAP,165106,O,Reiterate,72.50,USD,Decrease,Sarwat,60871R209,B067BM3,US60871R2094,European & American Alcoholic Beverages
10/29/2021,TGT,165111,M,Reiterate,235.00,USD,Increase,Fletcher,87612E106,2259101,US87612E1064,U.S. Broadlines & Hardlines Retail
10/29/2021,URI,165088,M,Reiterate,380.00,USD,Increase,Dillard,911363109,2134781,US9113631090,U.S. Machinery
10/29/2021,WMT,165111,O,Reiterate,169.00,USD,Increase,Fletcher,931142103,2936921,US9311421039,U.S. Broadlines & Hardlines Retail
10/28/2021,2015.HK,165032,O,Initiate,170.00,HKD,Update,Lee,NA,BMW5M00,KYG5479M1050,Asian Autos
10/28/2021,300750.CH,164998,O,Reiterate,650.00,CNY,Increase,Beveridge,NA,BF7L9J2,CNE100003662,Global Energy Storage
10/28/2021,6861.JP,165051,O,Reiterate,75000.00,JPY,Increase,Huang,NA,6490995,JP3236200006,Asian Industrial Technology
10/28/2021,9868.HK,165032,O,Initiate,218.00,HKD,Update,Lee,NA,BP6FB33,KYG982AW1003,Asian Autos
10/28/2021,CNC,165042,O,Reiterate,94.00,USD,Increase,Wilkes,15135B101,2807061,US15135B1017,U.S. Healthcare Services
10/28/2021,EW,165029,M,Reiterate,125.00,USD,Increase,Hambright,28176E108,2567116,US28176E1082,U.S. Medical Devices
10/28/2021,FISV,165046,O,Reiterate,125.00,USD,Decrease,Rawat,337738108,2342034,US3377381088,U.S. Payments
10/28/2021,HLT,165034,O,Reiterate,161.00,USD,Increase,Clarke,43300A203,BYVMW06,US43300A2033,Global Hotels & Leisure
10/28/2021,HSY,165081,M,Reiterate,191.00,USD,Increase,Howard,427866108,2422806,US4278661081,U.S. Food
10/28/2021,IIB.IN,164992,M,Reiterate,1170.00,INR,Increase,Chhugani,NA,6100454,INE095A01012,India Financials
10/28/2021,LI,165032,O,Initiate,43.00,USD,Update,Lee,50202M102,BMXHCD8,US50202M1027,Asian Autos
10/28/2021,NIO,165032,M,Initiate,45.00,USD,Update,Lee,62914V106,BFZX9H8,US62914V1061,Asian Autos
10/28/2021,UMG.NA,165069,M,Reiterate,22.20,EUR,Increase,Littunen,NA,BNZGVV1,NL0015000IY2,European Media
10/28/2021,XPEV,165032,O,Initiate,56.00,USD,Update,Lee,98422D105,BMXR2T4,US98422D1054,Asian Autos
10/27/2021,6954.JP,164972,O,Reiterate,29000.00,JPY,Decrease,Huang,NA,6356934,JP3802400006,Asian Industrial Technology
10/27/2021,AMD,164959,M,Reiterate,130.00,USD,Increase,Rasgon,007903107,2007849,US0079031078,U.S. Semiconductors
10/27/2021,CIPLA.IN,164942,O,Reiterate,995.00,INR,Decrease,Balasubramanian,NA,B011108,INE059A01026,India Healthcare
10/27/2021,CPR.IM,164980,M,Reiterate,11.35,EUR,Decrease,Stirling,NA,BMQ5W17,NL0015435975,European & American Alcoholic Beverages
10/27/2021,GOOGL,164954,O,Reiterate,3350.00,USD,Increase,Shmulik,02079K305,BYVY8G0,US02079K3059,U.S. Internet
10/27/2021,LMT,164956,M,Reiterate,387.00,USD,Decrease,Harned,539830109,2522096,US5398301094,Global Aerospace & Defense
10/27/2021,MRW.LN,164948,M,Drop,285.00,GBp,Update,Woods,NA,0604316,GB0006043169,European Food Retail
10/27/2021,MSFT,164967,O,Reiterate,364.00,USD,Increase,Moerdler,594918104,2588173,US5949181045,Global Software
10/27/2021,RYAAY,164945,O,Reiterate,125.00,USD,Increase,Irving,783513203,BYYN585,US7835132033,European Transport
10/27/2021,UPS,164951,O,Reiterate,257.00,USD,Increase,Vernon,911312106,2517382,US9113121068,North American Transportation
10/26/2021,207940.KS,164931,O,Reiterate,1097812.09,KRW,Increase,Balasubramanian,NA,BYNJCV6,KR7207940008,India Healthcare
10/26/2021,600690.CH,164906,O,Reiterate,35.00,CNY,Decrease,Hu,NA,6716884,CNE000000CG9,China Consumer
10/26/2021,6690.HK,164906,O,Reiterate,38.00,HKD,Decrease,Hu,NA,BLD4QD0,CNE1000048K8,China Consumer
10/26/2021,CA.FP,164908,U,Reiterate,14.00,EUR,Decrease,Woods,NA,5641567,FR0000120172,European Food Retail
10/26/2021,FB,164915,O,Reiterate,400.00,USD,Decrease,Shmulik,30303M102,B7TL820,US30303M1027,U.S. Internet
10/26/2021,PCAR,164950,M,Reiterate,94.00,USD,Increase,Dillard,693718108,2665861,US6937181088,U.S. Machinery
10/26/2021,VIV.FP,164907,M,Reiterate,12.40,EUR,Decrease,Littunen,NA,4834777,FR0000127771,European Media
10/25/2021,000660.KS,164893,U,Initiate,82000.00,KRW,Update,Li,NA,6450267,KR7000660001,Global Memory
10/25/2021,005930.KS,164893,U,Initiate,57000.00,KRW,Update,Li,NA,6771720,KR7005930003,Global Memory
10/25/2021,005935.KS,164893,U,Initiate,51300.00,KRW,Update,Li,NA,6773812,KR7005931001,Global Memory
10/25/2021,AI.FP,164882,O,Reiterate,170.00,EUR,Increase,Zechmann,NA,B1YXBJ7,FR0000120073,European Industrial & Consumer Chemicals
10/25/2021,BYND,164888,O,Reiterate,130.00,USD,Decrease,Howard,08862E109,BJ1FDK7,US08862E1091,U.S. Food
10/25/2021,MU,164893,U,Initiate,58.00,USD,Update,Li,595112103,2588184,US5951121038,Global Memory
10/25/2021,RCO.FP,164881,U,Reiterate,133.00,EUR,Increase,Stirling,NA,4741714,FR0000130395,European & American Alcoholic Beverages
10/25/2021,SAP,164891,O,Reiterate,172.00,USD,Increase,Moerdler,803054204,2775135,US8030542042,Global Software
10/25/2021,SAP.GR,164891,O,Reiterate,148.00,EUR,Increase,Moerdler,NA,4846288,DE0007164600,Global Software
10/25/2021,SMPL,164887,O,Reiterate,44.00,USD,Increase,Howard,82900L102,BF27XF9,US82900L1026,U.S. Food
10/25/2021,SMSN.LI,164893,U,Initiate,1272.00,USD,Update,Li,796050888,4942818,US7960508882,Global Memory
10/25/2021,TECHM.IN,164901,O,Reiterate,1830.00,INR,Increase,Malhotra,NA,BWFGD63,INE669C01036,"India Technology, Media & Internet"
10/24/2021,PVRL.IN,164873,O,Reiterate,1830.00,INR,Increase,Malhotra,NA,B0LX4M7,INE191H01014,"India Technology, Media & Internet"
10/23/2021,GLAND.IN,164871,O,Reiterate,4089.00,INR,Increase,Balasubramanian,NA,BN8ZT55,INE068V01023,India Healthcare
10/22/2021,BIOS.IN,164868,M,Reiterate,326.00,INR,Decrease,Balasubramanian,NA,6741251,INE376G01013,India Healthcare
10/22/2021,INTC,164857,U,Reiterate,40.00,USD,Decrease,Rasgon,458140100,2463247,US4581401001,U.S. Semiconductors
10/22/2021,REL.LN,164850,M,Reiterate,1970.00,GBp,Increase,Littunen,NA,B2B0DG9,GB00B2B0DG97,European Media
10/22/2021,REN.NA,164850,M,Reiterate,23.34,EUR,Increase,Littunen,NA,BYWLC68,GB00B2B0DG97,European Media
10/22/2021,RI.FP,164856,M,Reiterate,200.00,EUR,Increase,Stirling,NA,4682329,FR0000120693,European & American Alcoholic Beverages
10/22/2021,SNAP,164853,O,Reiterate,80.00,USD,Decrease,Shmulik,83304A106,BD8DJ71,US83304A1060,U.S. Internet
10/22/2021,UNP,164851,O,Reiterate,258.00,USD,Increase,Vernon,907818108,2914734,US9078181081,North American Transportation
10/21/2021,ABT,164815,O,Reiterate,133.00,USD,Increase,Hambright,002824100,2002305,US0028241000,U.S. Medical Devices
10/21/2021,AKZA.NA,164824,O,Reiterate,126.00,EUR,Decrease,Zechmann,NA,BJ2KSG2,NL0013267909,European Industrial & Consumer Chemicals
10/21/2021,ANTM,164833,O,Reiterate,559.00,USD,Increase,Wilkes,036752103,BSPHGL4,US0367521038,U.S. Healthcare Services
10/21/2021,LRCX,164819,O,Reiterate,700.00,USD,Decrease,Rasgon,512807108,2502247,US5128071082,U.S. Semiconductor Capital Equipment
10/21/2021,VALE,164809,M,Reiterate,15.45,USD,Increase,Brackett,91912E105,2857334,US91912E1055,Global Metals & Mining
10/20/2021,ANTO.LN,164797,O,Reiterate,1700.00,GBp,Decrease,Chigumira,NA,0045614,GB0000456144,Global Metals & Mining
10/20/2021,BA,164761,O,Reiterate,269.00,USD,Decrease,Harned,097023105,2108601,US0970231058,Global Aerospace & Defense
10/20/2021,BHP,164763,O,Reiterate,60.80,USD,Increase,Brackett,088606108,2144337,US0886061086,Global Metals & Mining
10/20/2021,BHP.AU,164763,O,Reiterate,41.00,AUD,Increase,Brackett,NA,6144690,AU000000BHP4,Global Metals & Mining
10/20/2021,ISRG,164774,O,Reiterate,395.00,USD,Increase,Hambright,46120E602,2871301,US46120E6023,U.S. Medical Devices
10/20/2021,TSCO,164785,O,Reiterate,210.00,USD,Increase,Fletcher,892356106,2900335,US8923561067,U.S. Broadlines & Hardlines Retail
10/19/2021,4911.JP,164743,O,Initiate,9972.00,JPY,Update,Hu,NA,6805265,JP3351600006,China Consumer
10/18/2021,DAL,164719,O,Reiterate,65.00,USD,Increase,Vernon,247361702,B1W9D46,US2473617023,U.S. Airlines
10/18/2021,UNH,164725,O,Reiterate,508.00,USD,Increase,Wilkes,91324P102,2917766,US91324P1021,U.S. Healthcare Services
10/15/2021,002129.CH,164695,O,Reiterate,64.00,CNY,Increase,Wang,NA,B1VKWZ4,CNE1000000B8,"Asian Renewables, Power and Coal"
10/15/2021,KOS,164702,O,Reiterate,8.00,USD,Increase,Brackett,500688106,BHK15K6,US5006881065,North American Oil & Gas Exploration/Production
10/14/2021,ABX.CN,164688,O,Reiterate,33.00,CAD,Decrease,Chigumira,067901108,2024644,CA0679011084,Global Metals & Mining
10/14/2021,GOLD,164688,O,Reiterate,26.50,USD,Decrease,Chigumira,067901108,2024677,CA0679011084,Global Metals & Mining
10/14/2021,HCLT.IN,164691,M,Reiterate,1190.00,INR,Increase,Malhotra,NA,6294896,INE860A01027,"India Technology, Media & Internet"
10/14/2021,NEM,164688,O,Reiterate,67.50,USD,Decrease,Chigumira,651639106,2636607,US6516391066,Global Metals & Mining
10/14/2021,PUB.FP,164692,M,Reiterate,66.00,EUR,Increase,Littunen,NA,4380429,FR0000130577,European Media
10/14/2021,ROG.SW,164668,O,Reiterate,400.00,CHF,Increase,Kapadia,NA,7110388,CH0012032048,EU Biopharmaceuticals
10/14/2021,ZOMATO.IN,164689,O,Reiterate,179.00,INR,Increase,Malhotra,NA,BL6P210,INE758T01015,"India Technology, Media & Internet"
10/13/2021,AAL.LN,164647,O,Reiterate,3020.00,GBp,Decrease,Chigumira,NA,B1XZS82,GB00B1XZS820,Global Metals & Mining
10/13/2021,ANTO.LN,164647,O,Reiterate,1760.00,GBp,Increase,Chigumira,NA,0045614,GB0000456144,Global Metals & Mining
10/13/2021,BBL,164647,O,Reiterate,61.00,USD,Decrease,Brackett,05545E209,2878993,US05545E2090,Global Metals & Mining
10/13/2021,BHP,164647,O,Reiterate,59.50,USD,Decrease,Brackett,088606108,2144337,US0886061086,Global Metals & Mining
10/13/2021,BHP.AU,164647,O,Reiterate,40.50,AUD,Decrease,Brackett,NA,6144690,AU000000BHP4,Global Metals & Mining
10/13/2021,BHP.LN,164647,O,Reiterate,2250.00,GBp,Decrease,Brackett,NA,BH0P3Z9,GB00BH0P3Z91,Global Metals & Mining
10/13/2021,GD,164651,M,Reiterate,222.00,USD,Increase,Harned,369550108,2365161,US3695501086,Global Aerospace & Defense
10/13/2021,GLEN.LN,164647,M,Reiterate,370.00,GBp,Increase,Brackett,NA,B4T3BW6,JE00B4T3BW64,Global Metals & Mining
10/13/2021,GOLD,164647,O,Reiterate,27.50,USD,Decrease,Chigumira,067901108,2024677,CA0679011084,Global Metals & Mining
10/13/2021,GOOGL,164652,O,Reiterate,3250.00,USD,Increase,Shmulik,02079K305,BYVY8G0,US02079K3059,U.S. Internet
10/13/2021,INFO.IN,164661,O,Reiterate,2030.00,INR,Increase,Malhotra,NA,6205122,INE009A01021,"India Technology, Media & Internet"
10/13/2021,INFY,164661,O,Reiterate,26.90,USD,Increase,Malhotra,456788108,2398822,US4567881085,"India Technology, Media & Internet"
10/13/2021,LHX,164651,O,Reiterate,276.00,USD,Increase,Harned,502431109,BK9DTN5,US5024311095,Global Aerospace & Defense
10/13/2021,LMT,164651,M,Reiterate,424.00,USD,Decrease,Harned,539830109,2522096,US5398301094,Global Aerospace & Defense
10/13/2021,NEM,164647,O,Reiterate,68.00,USD,Decrease,Chigumira,651639106,2636607,US6516391066,Global Metals & Mining
10/13/2021,NOC,164651,O,Reiterate,481.00,USD,Increase,Harned,666807102,2648806,US6668071029,Global Aerospace & Defense
10/13/2021,PINS,164652,M,Reiterate,60.00,USD,Decrease,Shmulik,72352L106,BJ2Z0H2,US72352L1061,U.S. Internet
10/13/2021,RIO,164647,M,Reiterate,58.00,USD,Decrease,Brackett,767204100,2740434,US7672041008,Global Metals & Mining
10/13/2021,RIO.AU,164647,M,Reiterate,87.00,AUD,Decrease,Brackett,NA,6220103,AU000000RIO1,Global Metals & Mining
10/13/2021,RIO.LN,164647,M,Reiterate,4300.00,GBp,Decrease,Brackett,NA,0718875,GB0007188757,Global Metals & Mining
10/13/2021,TWTR,164652,M,Reiterate,75.00,USD,Decrease,Shmulik,90184L102,BFLR866,US90184L1026,U.S. Internet
10/13/2021,VALE,164647,M,Reiterate,15.40,USD,Decrease,Brackett,91912E105,2857334,US91912E1055,Global Metals & Mining
10/13/2021,VALE3.BZ,164647,M,Reiterate,85.00,BRL,Decrease,Brackett,NA,2196286,BRVALEACNOR0,Global Metals & Mining
10/13/2021,WIT,164662,M,Reiterate,8.88,USD,Increase,Malhotra,97651M109,2646123,US97651M1099,"India Technology, Media & Internet"
10/13/2021,WPRO.IN,164662,M,Reiterate,670.00,INR,Increase,Malhotra,NA,6206051,INE075A01022,"India Technology, Media & Internet"
10/12/2021,002352.CH,164622,O,Reiterate,90.00,CNY,Increase,Leung,NA,B3P1NF4,CNE100000L63,Asia Logistics and Travel
10/12/2021,1093.HK,164637,M,Initiate,11.00,HKD,Update,Liang,NA,6191997,HK1093012172,China Pharma and Biotech
10/12/2021,1177.HK,164637,O,Initiate,9.00,HKD,Update,Liang,NA,B00XSF9,KYG8167W1380,China Pharma and Biotech
10/12/2021,1801.HK,164637,M,Initiate,75.00,HKD,Update,Liang,NA,BGR6KX5,KYG4818G1010,China Pharma and Biotech
10/12/2021,600276.CH,164637,O,Initiate,67.00,CNY,Update,Liang,NA,6288457,CNE0000014W7,China Pharma and Biotech
10/12/2021,9688.HK,164637,M,Initiate,936.00,HKD,Update,Liang,NA,BMGWNM6,KYG9887T1085,China Pharma and Biotech
10/12/2021,NOVN.SW,164627,M,Reiterate,90.00,CHF,Decrease,Kapadia,NA,7103065,CH0012005267,EU Biopharmaceuticals
10/12/2021,ORA.FP,164629,M,Reiterate,10.10,EUR,Decrease,Noel,NA,5176177,FR0000133308,European Telecommunications
10/12/2021,SW.FP,164626,O,Upgrade,94.00,EUR,Increase,Clarke,NA,7062713,FR0000121220,Global Catering
10/12/2021,VIV.FP,164624,M,Reiterate,12.80,EUR,Decrease,Littunen,NA,4834777,FR0000127771,European Media
10/11/2021,1128.HK,164604,O,Reiterate,10.15,HKD,Decrease,Umansky,NA,B4JSTL6,KYG981491007,Global Gaming
10/11/2021,1928.HK,164604,O,Reiterate,29.50,HKD,Decrease,Umansky,NA,B5B23W2,KYG7800X1079,Global Gaming
10/11/2021,207940.KS,164617,O,Initiate,1053404.33,KRW,Update,Balasubramanian,NA,BYNJCV6,KR7207940008,India Healthcare
10/11/2021,2282.HK,164604,O,Reiterate,8.85,HKD,Decrease,Umansky,NA,B4P8HQ1,KYG607441022,Global Gaming
10/11/2021,27.HK,164604,O,Reiterate,58.25,HKD,Decrease,Umansky,NA,6465874,HK0027032686,Global Gaming
10/11/2021,880.HK,164604,M,Reiterate,5.30,HKD,Decrease,Umansky,NA,B2NR3Y6,HK0880043028,Global Gaming
10/11/2021,HAIN,164614,O,Reiterate,49.00,USD,Decrease,Howard,405217100,2492337,US4052171000,U.S. Food
10/11/2021,HSY,164614,M,Reiterate,182.00,USD,Decrease,Howard,427866108,2422806,US4278661081,U.S. Food
10/11/2021,KO,164614,O,Reiterate,60.00,USD,Decrease,Elliott,191216100,2206657,US1912161007,U.S. Beverages and Snacks
10/11/2021,LVS,164604,O,Reiterate,55.00,USD,Decrease,Umansky,517834107,B02T2J7,US5178341070,Global Gaming
10/11/2021,MLCO,164604,O,Reiterate,16.50,USD,Decrease,Umansky,585464100,B1KYHF2,US5854641009,Global Gaming
10/11/2021,MO,164614,O,Reiterate,58.00,USD,Decrease,Elliott,02209S103,2692632,US02209S1033,U.S. Tobacco
10/11/2021,PEP,164614,U,Reiterate,145.00,USD,Increase,Elliott,713448108,2681511,US7134481081,U.S. Beverages and Snacks
10/11/2021,PM,164614,M,Reiterate,110.00,USD,Increase,Elliott,718172109,B2PKRQ3,US7181721090,U.S. Tobacco
10/11/2021,TCS.IN,164608,O,Reiterate,3970.00,INR,Decrease,Malhotra,NA,B01NPJ1,INE467B01029,"India Technology, Media & Internet"
10/11/2021,WYNN,164604,O,Reiterate,111.00,USD,Decrease,Umansky,983134107,2963811,US9831341071,Global Gaming
10/08/2021,000333.CH,164577,O,Reiterate,86.00,CNY,Decrease,Hu,NA,BDVHRJ8,CNE100001QQ5,China Consumer
10/08/2021,1347.HK,164576,M,Reiterate,43.00,HKD,Increase,Li,NA,BRB3857,HK0000218211,Asian and European Semiconductors and Equipment
10/08/2021,2303.TT,164576,U,Reiterate,44.00,TWD,Increase,Li,NA,6916628,TW0002303005,Asian and European Semiconductors and Equipment
10/08/2021,3711.TT,164603,O,Drop,126.00,TWD,Update,Li,NA,BFXZDY1,TW0003711008,Asian and European Semiconductors and Equipment
10/08/2021,5347.TT,164576,M,Reiterate,143.00,TWD,Increase,Li,NA,6109677,TW0005347009,Asian and European Semiconductors and Equipment
10/08/2021,981.HK,164576,U,Reiterate,17.20,HKD,Increase,Li,NA,BDFBM13,KYG8020E1199,Asian and European Semiconductors and Equipment
10/08/2021,ABI.BB,164591,O,Reiterate,67.00,EUR,Decrease,Stirling,NA,BYYHL23,BE0974293251,European & American Alcoholic Beverages
10/08/2021,ASX,164603,O,Drop,8.90,USD,Update,Li,00215W100,BFXQ991,US00215W1009,Asian and European Semiconductors and Equipment
10/08/2021,BUD,164591,O,Reiterate,77.50,USD,Decrease,Stirling,03524A108,B3P93Y7,US03524A1088,European & American Alcoholic Beverages
10/08/2021,CARLB.DC,164591,O,Reiterate,1250.00,DKK,Decrease,Stirling,NA,4169219,DK0010181759,European & American Alcoholic Beverages
10/08/2021,CAT,164589,M,Reiterate,195.00,USD,Decrease,Dillard,149123101,2180201,US1491231015,U.S. Machinery
10/08/2021,CPR.IM,164591,M,Reiterate,11.50,EUR,Increase,Stirling,NA,BMQ5W17,NL0015435975,European & American Alcoholic Beverages
10/08/2021,DEO,164591,M,Reiterate,187.50,USD,Increase,Stirling,25243Q205,2144724,US25243Q2057,European & American Alcoholic Beverages
10/08/2021,DGE.LN,164591,M,Reiterate,3480.00,GBp,Decrease,Stirling,NA,0237400,GB0002374006,European & American Alcoholic Beverages
10/08/2021,DVN,164586,O,Reiterate,46.00,USD,Increase,Brackett,25179M103,2480677,US25179M1036,North American Oil & Gas Exploration/Production
10/08/2021,HEIA.NA,164591,O,Reiterate,107.00,EUR,Decrease,Stirling,NA,7792559,NL0000009165,European & American Alcoholic Beverages
10/08/2021,HEIO.NA,164591,O,Reiterate,99.50,EUR,Decrease,Stirling,NA,B0CCH46,NL0000008977,European & American Alcoholic Beverages
10/08/2021,OSK,164589,M,Reiterate,121.00,USD,Decrease,Dillard,688239201,2663520,US6882392011,U.S. Machinery
10/08/2021,RI.FP,164591,M,Reiterate,196.00,EUR,Decrease,Stirling,NA,4682329,FR0000120693,European & American Alcoholic Beverages
10/08/2021,UMC,164576,U,Reiterate,7.90,USD,Increase,Li,910873405,2634117,US9108734057,Asian and European Semiconductors and Equipment
10/08/2021,URI,164589,M,Reiterate,367.00,USD,Increase,Dillard,911363109,2134781,US9113631090,U.S. Machinery
10/07/2021,ARTO.IJ,164567,U,Initiate,10000.00,IDR,Update,Gundlapalle,NA,BYZ0ZJ6,ID1000136708,Pan-Asia Financials and Fintech
10/07/2021,TSCO.LN,164560,O,Reiterate,330.00,GBp,Increase,Woods,NA,BLGZ986,GB00BLGZ9862,European Food Retail
10/06/2021,AI.FP,164540,O,Reiterate,164.00,EUR,Decrease,Zechmann,NA,B1YXBJ7,FR0000120073,European Industrial & Consumer Chemicals
10/06/2021,MTX.GR,164544,O,Upgrade,250.00,EUR,Increase,Zhao,NA,B09DHL9,DE000A0D9PT0,Global Aerospace & Defense
10/06/2021,RR/.LN,164544,M,Upgrade,133.00,GBp,Increase,Zhao,NA,B63H849,GB00B63H8491,Global Aerospace & Defense
10/06/2021,RTX,164544,M,Reiterate,104.00,USD,Increase,Harned,75513E101,BM5M5Y3,US75513E1010,Global Aerospace & Defense
10/06/2021,SAF.FP,164544,M,Reiterate,125.00,EUR,Increase,Zhao,NA,B058TZ6,FR0000073272,Global Aerospace & Defense
10/05/2021,UAL,164526,O,Reiterate,78.00,USD,Increase,Vernon,910047109,B4QG225,US9100471096,U.S. Airlines
10/01/2021,EQNR,164486,O,Reiterate,31.00,USD,Increase,Clint,29446M102,BF4K3J0,US29446M1027,European Oil & Gas
10/01/2021,EQNR.NO,164486,O,Reiterate,270.00,NOK,Increase,Clint,NA,7133608,NO0010096985,European Oil & Gas
09/30/2021,9988.HK,164465,M,Reiterate,180.00,HKD,Decrease,Zhu,NA,BK6YZP5,KYG017191142,China Internet
09/30/2021,BABA,164465,M,Reiterate,175.00,USD,Decrease,Zhu,01609W102,BP41ZD1,US01609W1027,China Internet
09/30/2021,LNG,164475,O,Reiterate,116.00,USD,Increase,Salisbury,16411R208,2654364,US16411R2085,U.S. Natural Gas & MLPs
09/29/2021,002120.CH,164441,M,Reiterate,18.00,CNY,Increase,Leung,NA,B1R0FF9,CNE100000015,Asia Logistics and Travel
09/29/2021,600011.CH,164442,M,Reiterate,7.61,CNY,Increase,Wang,NA,6422136,CNE000001998,"Asian Renewables, Power and Coal"
09/29/2021,836.HK,164442,M,Reiterate,22.40,HKD,Increase,Wang,NA,6711566,HK0836012952,"Asian Renewables, Power and Coal"
09/29/2021,902.HK,164442,M,Reiterate,4.00,HKD,Increase,Wang,NA,6099671,CNE1000006Z4,"Asian Renewables, Power and Coal"
09/29/2021,AIR.FP,164453,O,Upgrade,142.00,EUR,Increase,Harned,NA,4012250,NL0000235190,Global Aerospace & Defense
09/29/2021,BA,164453,O,Upgrade,279.00,USD,Increase,Harned,097023105,2108601,US0970231058,Global Aerospace & Defense
09/29/2021,DLTR,164461,O,Reiterate,129.00,USD,Decrease,Fletcher,256746108,2272476,US2567461080,U.S. Broadlines & Hardlines Retail
09/29/2021,HNP,164442,M,Reiterate,19.10,USD,Increase,Wang,443304100,2441737,US4433041005,"Asian Renewables, Power and Coal"
09/29/2021,SPR,164453,O,Upgrade,66.00,USD,Increase,Harned,848574109,B1HMMS7,US8485741099,Global Aerospace & Defense
09/29/2021,TTE,164454,M,Reiterate,59.00,USD,Increase,Clint,89151E109,2898032,US89151E1091,European Oil & Gas
09/29/2021,TTE.FP,164454,M,Reiterate,51.00,EUR,Increase,Clint,NA,B15C557,FR0000120271,European Oil & Gas
09/28/2021,601857.CH,164431,U,Reiterate,3.30,CNY,Decrease,Beveridge,NA,B28SLD9,CNE1000007Q1,Asia-Pacific Oil & Gas
09/28/2021,857.HK,164431,M,Downgrade,4.00,HKD,Decrease,Beveridge,NA,6226576,CNE1000003W8,Asia-Pacific Oil & Gas
09/28/2021,BEI.GR,164433,U,Downgrade,90.00,EUR,Update,Monteyne,NA,5107401,DE0005200000,European Household & Personal Care
09/28/2021,NXPI,164440,M,Downgrade,230.00,USD,Decrease,Rasgon,NA,B505PN7,NL0009538784,U.S. Semiconductors
09/28/2021,PTR,164431,M,Downgrade,50.50,USD,Decrease,Beveridge,71646E100,2568841,US71646E1001,Asia-Pacific Oil & Gas
09/28/2021,SE,164430,O,Reiterate,430.00,USD,Increase,Garre,81141R100,BYWD7L4,US81141R1005,South & SE Asia Consumer Tech
09/27/2021,916.HK,164405,O,Reiterate,22.70,HKD,Increase,Wang,NA,B4Q2TX3,CNE100000HD4,"Asian Renewables, Power and Coal"
09/27/2021,UMG.NA,164419,M,Initiate,22.00,EUR,Update,Littunen,NA,BNZGVV1,NL0015000IY2,European Media
09/24/2021,ATUS,164399,O,Reiterate,38.00,USD,Decrease,Supino,02156K103,BDRY7P9,US02156K1034,U.S. Telecom & Cable
09/24/2021,CSX,164396,O,Reiterate,37.00,USD,Decrease,Vernon,126408103,2160753,US1264081035,North American Transportation
09/24/2021,NSC,164396,M,Reiterate,274.00,USD,Decrease,Vernon,655844108,2641894,US6558441084,North American Transportation
09/24/2021,UNP,164396,O,Reiterate,246.00,USD,Decrease,Vernon,907818108,2914734,US9078181081,North American Transportation
09/23/2021,DQ,164366,O,Reiterate,90.00,USD,Decrease,Wang,23703Q203,B953PM3,US23703Q2030,"Asian Renewables, Power and Coal"
09/23/2021,OKE,164372,O,Upgrade,66.00,USD,Increase,Salisbury,682680103,2130109,US6826801036,U.S. Natural Gas & MLPs
09/22/2021,ADBE,164354,O,Reiterate,686.00,USD,Increase,Moerdler,00724F101,2008154,US00724F1012,Global Software
09/22/2021,FDX,164350,O,Reiterate,339.00,USD,Decrease,Vernon,31428X106,2142784,US31428X1063,North American Transportation
09/22/2021,LHA.GR,164346,M,Reiterate,8.00,EUR,Decrease,Roeska,NA,5287488,DE0008232125,European Transport
09/22/2021,VIV.FP,164347,M,Reiterate,13.50,EUR,Decrease,Littunen,NA,4834777,FR0000127771,European Media
09/21/2021,1083.HK,164319,U,Downgrade,4.20,HKD,Decrease,Beveridge,NA,6345460,KYG8972T1067,Asia-Pacific Gas Distributors
09/21/2021,1193.HK,164319,M,Reiterate,48.70,HKD,Decrease,Beveridge,NA,6535517,BMG2113B1081,Asia-Pacific Gas Distributors
09/21/2021,135.HK,164319,M,Downgrade,7.70,HKD,Decrease,Beveridge,NA,6340078,BMG5320C1082,Asia-Pacific Gas Distributors
09/21/2021,2688.HK,164319,M,Downgrade,135.00,HKD,Decrease,Beveridge,NA,6333937,KYG3066L1014,Asia-Pacific Gas Distributors
09/21/2021,384.HK,164319,O,Reiterate,36.00,HKD,Decrease,Beveridge,NA,6460794,BMG2109G1033,Asia-Pacific Gas Distributors
09/21/2021,BAS.GR,164321,O,Reiterate,113.00,EUR,Increase,Zechmann,NA,5086577,DE000BASF111,European Industrial & Consumer Chemicals
09/21/2021,HD,164340,M,Reiterate,310.00,USD,Increase,Fletcher,437076102,2434209,US4370761029,U.S. Broadlines & Hardlines Retail
09/21/2021,LOW,164340,O,Reiterate,230.00,USD,Increase,Fletcher,548661107,2536763,US5486611073,U.S. Broadlines & Hardlines Retail
09/21/2021,MRW.LN,164323,M,Reiterate,285.00,GBp,Increase,Woods,NA,0604316,GB0006043169,European Food Retail
09/21/2021,SBRY.LN,164323,U,Reiterate,245.00,GBp,Increase,Woods,NA,B019KW7,GB00B019KW72,European Food Retail
09/21/2021,TSCO.LN,164323,O,Reiterate,280.00,GBp,Increase,Woods,NA,BLGZ986,GB00BLGZ9862,European Food Retail
09/20/2021,TRIP,164313,O,Reiterate,52.00,USD,Decrease,Clarke,896945201,B6ZC3N6,US8969452015,Global Hotels & Leisure
09/20/2021,VMW,164309,O,Reiterate,172.00,USD,Decrease,Moerdler,928563402,B23SN61,US9285634021,Global Software
09/18/2021,BIOS.IN,164298,M,Reiterate,358.00,INR,Decrease,Balasubramanian,NA,6741251,INE376G01013,India Healthcare
09/17/2021,1088.HK,164277,M,Upgrade,17.70,HKD,Increase,Wang,NA,B09N7M0,CNE1000002R0,"Asian Renewables, Power and Coal"
09/17/2021,1898.HK,164277,M,Reiterate,6.70,HKD,Increase,Wang,NA,B1JNK84,CNE100000528,"Asian Renewables, Power and Coal"
09/17/2021,601088.CH,164277,M,Upgrade,14.60,CNY,Increase,Wang,NA,B281JM3,CNE100000767,"Asian Renewables, Power and Coal"
09/17/2021,601898.CH,164277,M,Reiterate,5.50,CNY,Increase,Wang,NA,B2NWDF2,CNE100000957,"Asian Renewables, Power and Coal"
09/17/2021,RYAAY,164283,O,Reiterate,118.00,USD,Decrease,Roeska,783513203,BYYN585,US7835132033,European Transport
09/15/2021,323410.KS,164249,U,Initiate,51000.00,KRW,Update,Kwek,NA,BNXKTM2,KR7323410001,Pan-Asia Financials and Fintech
09/15/2021,SAF.FP,164254,M,Reiterate,118.00,EUR,Decrease,Zhao,NA,B058TZ6,FR0000073272,Global Aerospace & Defense
09/14/2021,AMP.IM,164232,M,Reiterate,38.00,EUR,Increase,Clive,NA,B14NJ71,IT0004056880,European Medical Devices & Services
09/14/2021,EZJ.LN,164231,O,Reiterate,800.00,GBp,Decrease,Roeska,NA,B7KR2P8,GB00B7KR2P84,European Transport
09/14/2021,FDX,164236,O,Reiterate,361.00,USD,Decrease,Vernon,31428X106,2142784,US31428X1063,North American Transportation
09/14/2021,ORCL,164240,O,Reiterate,98.00,USD,Increase,Moerdler,68389X105,2661568,US68389X1054,Global Software
09/13/2021,1128.HK,164205,O,Reiterate,15.50,HKD,Decrease,Umansky,NA,B4JSTL6,KYG981491007,Global Gaming
09/13/2021,1928.HK,164205,O,Reiterate,40.00,HKD,Decrease,Umansky,NA,B5B23W2,KYG7800X1079,Global Gaming
09/13/2021,2282.HK,164204,O,Upgrade,11.00,HKD,Decrease,Umansky,NA,B4P8HQ1,KYG607441022,Global Gaming
09/13/2021,27.HK,164205,O,Reiterate,69.00,HKD,Decrease,Umansky,NA,6465874,HK0027032686,Global Gaming
09/13/2021,880.HK,164205,M,Reiterate,7.30,HKD,Decrease,Umansky,NA,B2NR3Y6,HK0880043028,Global Gaming
09/13/2021,AKZA.NA,164206,O,Reiterate,130.00,EUR,Decrease,Zechmann,NA,BJ2KSG2,NL0013267909,European Industrial & Consumer Chemicals
09/13/2021,BP/.LN,164220,O,Reiterate,480.00,GBp,Decrease,Clint,NA,0798059,GB0007980591,European Oil & Gas
09/13/2021,DTE.GR,164221,O,Reiterate,28.80,EUR,Increase,Noel,NA,5842359,DE0005557508,European Telecommunications
09/13/2021,E,164220,U,Reiterate,31.00,USD,Increase,Clint,26874R108,2297435,US26874R1086,European Oil & Gas
09/13/2021,ENI.IM,164220,U,Reiterate,13.00,EUR,Increase,Clint,NA,7145056,IT0003132476,European Oil & Gas
09/13/2021,EQNR.NO,164220,O,Reiterate,260.00,NOK,Decrease,Clint,NA,7133608,NO0010096985,European Oil & Gas
09/13/2021,GALP.PL,164220,M,Reiterate,13.00,EUR,Increase,Clint,NA,B1FW751,PTGAL0AM0009,European Oil & Gas
09/13/2021,LVS,164205,O,Reiterate,65.00,USD,Decrease,Umansky,517834107,B02T2J7,US5178341070,Global Gaming
09/13/2021,MGM,164204,O,Upgrade,58.90,USD,Increase,Umansky,552953101,2547419,US5529531015,Global Gaming
09/13/2021,MLCO,164205,O,Reiterate,20.00,USD,Decrease,Umansky,585464100,B1KYHF2,US5854641009,Global Gaming
09/13/2021,PWR,164215,O,Reiterate,135.00,USD,Increase,Dillard,74762E102,2150204,US74762E1029,U.S. Machinery
09/13/2021,RDS/A,164220,O,Reiterate,64.00,USD,Decrease,Clint,780259206,B03MM62,US7802592060,European Oil & Gas
09/13/2021,RDS/B,164220,O,Reiterate,64.00,USD,Decrease,Clint,780259107,B03MM73,US7802591070,European Oil & Gas
09/13/2021,RDSA.LN,164220,O,Reiterate,2300.00,GBp,Decrease,Clint,NA,B03MLX2,GB00B03MLX29,European Oil & Gas
09/13/2021,RDSA.NA,164220,O,Reiterate,27.00,EUR,Decrease,Clint,NA,B09CBL4,GB00B03MLX29,European Oil & Gas
09/13/2021,RDSB.LN,164220,O,Reiterate,2300.00,GBp,Decrease,Clint,NA,B03MM40,GB00B03MM408,European Oil & Gas
09/13/2021,RDSB.NA,164220,O,Reiterate,27.00,EUR,Decrease,Clint,NA,B09CBN6,GB00B03MM408,European Oil & Gas
09/13/2021,REP.SM,164220,O,Reiterate,14.00,EUR,Increase,Clint,NA,5669354,ES0173516115,European Oil & Gas
09/13/2021,STZ,164225,O,Reiterate,295.00,USD,Decrease,Sarwat,21036P108,2170473,US21036P1084,European & American Alcoholic Beverages
09/13/2021,TTE.FP,164220,M,Reiterate,48.00,EUR,Increase,Clint,NA,B15C557,FR0000120271,European Oil & Gas
09/13/2021,WYNN,164205,O,Reiterate,138.00,USD,Increase,Umansky,983134107,2963811,US9831341071,Global Gaming
09/10/2021,MRK.GR,164183,M,Reiterate,200.00,EUR,Increase,Kapadia,NA,4741844,DE0006599905,EU Biopharmaceuticals
09/10/2021,OCDO.LN,164185,O,Reiterate,2110.00,GBp,Increase,Woods,NA,B3MBS74,GB00B3MBS747,European Food Retail
09/10/2021,STMN.SW,164181,M,Reiterate,1550.00,CHF,Increase,Clive,NA,7156832,CH0012280076,European Medical Devices & Services
09/10/2021,THBEV.SP,164179,M,Reiterate,0.78,SGD,Decrease,McLeish,NA,B15F664,TH0902010014,Asia-Pacific Beverages
09/10/2021,VALE,164189,M,Reiterate,20.40,USD,Decrease,Brackett,91912E105,2857334,US91912E1055,Global Metals & Mining
09/10/2021,VALE3.BZ,164189,M,Reiterate,110.00,BRL,Decrease,Brackett,NA,2196286,BRVALEACNOR0,Global Metals & Mining
09/09/2021,000651.CH,164158,M,Downgrade,47.00,CNY,Decrease,Hu,NA,6990257,CNE0000001D4,China Consumer
09/09/2021,FTCH,164164,M,Reiterate,42.00,USD,Decrease,Solca,30744W107,BFD20M9,KY30744W1070,Global Luxury Goods
09/09/2021,KR,164178,O,Reiterate,50.00,USD,Increase,Fletcher,501044101,2497406,US5010441013,U.S. Broadlines & Hardlines Retail
09/08/2021,ANTM,164149,O,Reiterate,509.00,USD,Increase,Wilkes,036752103,BSPHGL4,US0367521038,U.S. Healthcare Services
09/08/2021,CI,164149,M,Reiterate,234.00,USD,Decrease,Wilkes,125523100,BHJ0775,US1255231003,U.S. Healthcare Services
09/08/2021,CNC,164149,O,Reiterate,92.00,USD,Decrease,Wilkes,15135B101,2807061,US15135B1017,U.S. Healthcare Services
09/08/2021,CVS,164149,O,Reiterate,100.00,USD,Decrease,Wilkes,126650100,2577609,US1266501006,U.S. Healthcare Services
09/08/2021,EKTAB.SS,164142,M,Reiterate,122.00,SEK,Decrease,Clive,NA,B0M42T2,SE0000163628,European Medical Devices & Services
09/08/2021,HUM,164149,M,Reiterate,470.00,USD,Decrease,Wilkes,444859102,2445063,US4448591028,U.S. Healthcare Services
09/08/2021,UNH,164149,O,Reiterate,489.00,USD,Increase,Wilkes,91324P102,2917766,US91324P1021,U.S. Healthcare Services
09/07/2021,002352.CH,164111,O,Reiterate,81.00,CNY,Increase,Leung,NA,B3P1NF4,CNE100000L63,Asia Logistics and Travel
09/07/2021,168.HK,164114,O,Reiterate,79.00,HKD,Increase,McLeish,NA,6905808,CNE1000004K1,Asia-Pacific Beverages
09/07/2021,291.HK,164114,U,Reiterate,50.00,HKD,Increase,McLeish,NA,6972459,HK0291001490,Asia-Pacific Beverages
09/07/2021,600600.CH,164114,U,Reiterate,67.00,CNY,Increase,McLeish,NA,6902854,CNE0000009Y3,Asia-Pacific Beverages
09/07/2021,BBL,164132,O,Reiterate,67.50,USD,Increase,Brackett,05545E209,2878993,US05545E2090,Global Metals & Mining
09/07/2021,BHP,164132,O,Reiterate,67.10,USD,Decrease,Brackett,088606108,2144337,US0886061086,Global Metals & Mining
09/07/2021,BHP.AU,164132,O,Reiterate,45.00,AUD,Decrease,Brackett,NA,6144690,AU000000BHP4,Global Metals & Mining
09/07/2021,BHP.LN,164132,O,Reiterate,2450.00,GBp,Increase,Brackett,NA,BH0P3Z9,GB00BH0P3Z91,Global Metals & Mining
09/07/2021,BT/A.LN,164138,M,Initiate,170.00,GBp,Update,Noel,NA,3091357,GB0030913577,European Telecommunications
09/07/2021,CLNX.SM,164137,O,Initiate,68.00,EUR,Update,Noel,NA,BX90C05,ES0105066007,European Telecommunications Infrastructure
09/07/2021,DTE.GR,164138,O,Initiate,27.30,EUR,Update,Noel,NA,5842359,DE0005557508,European Telecommunications
09/07/2021,EOG,164131,O,Reiterate,115.00,USD,Increase,Brackett,26875P101,2318024,US26875P1012,North American Oil & Gas Exploration/Production
09/07/2021,GLEN.LN,164132,M,Reiterate,325.00,GBp,Increase,Brackett,NA,B4T3BW6,JE00B4T3BW64,Global Metals & Mining
09/07/2021,KOS,164131,O,Reiterate,7.60,USD,Decrease,Brackett,500688106,BHK15K6,US5006881065,North American Oil & Gas Exploration/Production
09/07/2021,LBTYA,164138,O,Initiate,34.40,USD,Update,Noel,NA,B8W6766,GB00B8W67662,European Telecommunications
09/07/2021,ORA.FP,164138,M,Initiate,10.80,EUR,Update,Noel,NA,5176177,FR0000133308,European Telecommunications
09/07/2021,SAN.FP,164122,O,Reiterate,120.00,EUR,Increase,Kapadia,NA,5671735,FR0000120578,EU Biopharmaceuticals
09/07/2021,SCMN.SW,164138,M,Initiate,503.00,CHF,Update,Noel,NA,5533976,CH0008742519,European Telecommunications
09/07/2021,TEF.SM,164138,M,Initiate,4.60,EUR,Update,Noel,879382109,5732524,ES0178430E18,European Telecommunications
09/07/2021,TEL.NO,164138,M,Initiate,164.00,NOK,Update,Noel,NA,4732495,NO0010063308,European Telecommunications
09/07/2021,TELIA.SS,164138,M,Initiate,41.70,SEK,Update,Noel,NA,5978384,SE0000667925,European Telecommunications
09/07/2021,VALE,164132,M,Reiterate,21.00,USD,Decrease,Brackett,91912E105,2857334,US91912E1055,Global Metals & Mining
09/07/2021,VOD.LN,164138,O,Initiate,155.00,GBp,Update,Noel,NA,BH4HKS3,GB00BH4HKS39,European Telecommunications

