<?xml version="1.0" encoding="UTF-8"?><!DOCTYPE preferences SYSTEM "http://java.sun.com/dtd/preferences.dtd">
<preferences EXTERNAL_XML_VERSION="1.0"><root type="user"><map/><node name="com"><map/><node name="bloomberg"><map/><node name="datalic"><map/><node name="rb"><map/><node name="logins"><map/><node name="node0001"><map><entry key="ftplogin" value="dl641452"/><entry key="bblogin" value=""/><entry key="password" value="YQfnkdUNNGxtuS46jTXrqQ=="/><entry key="serialnum" value=""/><entry key="machine" value="bfmrr.bloomberg.com"/><entry key="workstation" value=""/><entry key="encryptkey" value="^&lt;YD;c_C"/><entry key="usernum" value=""/><entry key="desprogram" value="C:\blp\bbdl\rb5.0\des.exe"/><entry key="bbpath" value=""/><entry key="bbdlpath" value=""/><entry key="ftpoption" value="ftpoption"/><entry key="encryptoption" value="false"/><entry key="autoprompt" value=""/><entry key="hostport" value="21"/><entry key="connectionname" value="Bloomberg"/><entry key="default" value="true"/><entry key="backoffice" value="false"/><entry key="passiveftp" value="true"/><entry key="nodeid" value="node0001"/><entry key="certfilename" value=""/></map></node></node></node></node></node></node></root></preferences>