"Transaction ID","Read Date/Time","Document ID","Title","Document Date","User Name","Primary E-Mail","User ID","Firm Name","Firm ID","Product ID","Reader of Content","Reader E-Mail","Publisher Country","Ticker","Channel"
"rd0xwzdoren3","2021-09-12 08:21:24","7968401","China Oil, Gas and Power - November 2020: Strong LNG import growth on cold winter ahead","2020-11-29 09:33:24","ANONYMOUS","ANONYMOUS","ANONYMOUS","Fidelity","23e5d0e5-fa2a-440c-bff3-4db585a2786a","158672","ANONYMOUS","ANONYMOUS","","","RMS"
"d19lqykjjy0j","2021-08-17 12:53:52","9234867","Quick Take - Inpex 2Q21: Earnings miss but solid guidance for 2H21. Dividends raised on higher earnings outlook. OP","2021-08-10 12:29:24","AYAKO ORIKASA","ayako.orikasa@fmr.com","9b37fba4-a0df-4896-ba9d-5b1e960f0ad3","Fidelity","23e5d0e5-fa2a-440c-bff3-4db585a2786a","163725","AYAKO ORIKASA","ayako.orikasa@fmr.com","","","RMS"
"mx0qmwl2rmnz","2021-09-12 08:21:24","9093213","Bernstein APAC Oil: What's priced into oil equities and what's a fair long term price for oil?","2021-07-06 10:33:18","ANONYMOUS","ANONYMOUS","ANONYMOUS","Fidelity","23e5d0e5-fa2a-440c-bff3-4db585a2786a","162906","ANONYMOUS","ANONYMOUS","","","RMS"
"kp95z2rv719g","2021-08-05 01:04:58","9212546","Quick Take: Regeneron 2Q21 - comp table and first impressions; you don’t see 50% beats everyday","2021-08-05 12:19:12","EIRENE KONTOPOULOS","eirene.kontopoulos@fmr.com","82cd0a1b-16d5-4e01-8d1c-b989bd31e015","Fidelity","23e5d0e5-fa2a-440c-bff3-4db585a2786a","163629","EIRENE KONTOPOULOS","eirene.kontopoulos@fmr.com","","","RMS"
"wr9y25o4rgn3","2021-11-01 01:28:57","9542270","Quick Take - Sinopec 3Q21: Earnings beat as the cash mountain continues to pile up. Outperform","2021-10-28 12:28:57","ANONYMOUS","ANONYMOUS","ANONYMOUS","Fidelity","23e5d0e5-fa2a-440c-bff3-4db585a2786a","165044","ANONYMOUS","ANONYMOUS","","","RMS"
"kp95kkm4419g","2021-10-14 08:25:28","9478013","Global Metals & Mining: Commodity and equity outlook - Can metal prices survive the energy crunch?","2021-10-13 08:12:54","ANONYMOUS","ANONYMOUS","ANONYMOUS","Fidelity","23e5d0e5-fa2a-440c-bff3-4db585a2786a","164647","ANONYMOUS","ANONYMOUS","","","RMS"
"jp01xj3ly1n4","2021-08-04 02:46:26","9201384","Airbus: Recovery tension - Delivery ramp plans amid an uncertain customer environment; What next after a strong H1?","2021-08-04 12:40:27","JAMES HANCOCK","james.hancock@fmr.com","ba35bced-ba7d-401b-809c-bf64b1ec8af1","Fidelity","23e5d0e5-fa2a-440c-bff3-4db585a2786a","163572","JAMES HANCOCK","james.hancock@fmr.com","","","RMS"
"l1nr27o1g69x","2021-09-12 08:21:24","8284596","Bernstein APAC Oil: Making the transition - China Oil Majors results preview.","2021-03-03 09:32:11","ANONYMOUS","ANONYMOUS","ANONYMOUS","Fidelity","23e5d0e5-fa2a-440c-bff3-4db585a2786a","160522","ANONYMOUS","ANONYMOUS","","","RMS"
"q302rovy5q91","2021-10-20 10:56:56","9450906","China OTAs: TCOM and its competitors in the eyes of hotels","2021-10-03 09:30:28","ANONYMOUS","ANONYMOUS","ANONYMOUS","Fidelity","23e5d0e5-fa2a-440c-bff3-4db585a2786a","164504","ANONYMOUS","ANONYMOUS","","","RMS"
"5603ylzmjp9r","2021-09-08 07:10:10","9218557","Biosimilars: Who is doing what? Modeling the third wave of biosimilars - a $19B business by 2027","2021-08-06 04:45:39","ANONYMOUS","ANONYMOUS","ANONYMOUS","Fidelity","23e5d0e5-fa2a-440c-bff3-4db585a2786a","163664","ANONYMOUS","ANONYMOUS","","","RMS"
"540j5gg2w59o","2021-09-08 10:46:49","8094392","Quick Take: Estun’s modified private placement plan significantly reduces dilution","2021-01-16 08:36:36","ANONYMOUS","ANONYMOUS","ANONYMOUS","Fidelity","23e5d0e5-fa2a-440c-bff3-4db585a2786a","159311","ANONYMOUS","ANONYMOUS","","","RMS"
"2806w7qjjon1","2021-08-17 12:50:07","9234867","Quick Take - Inpex 2Q21: Earnings miss but solid guidance for 2H21. Dividends raised on higher earnings outlook. OP","2021-08-10 12:29:24","AYAKO ORIKASA","ayako.orikasa@fmr.com","9b37fba4-a0df-4896-ba9d-5b1e960f0ad3","Fidelity","23e5d0e5-fa2a-440c-bff3-4db585a2786a","163725","AYAKO ORIKASA","ayako.orikasa@fmr.com","","","RMS"
"kp95zmw3de9g","2021-08-20 09:58:21","9173542","FANUC: Massively raised guidance supported by quickly expanding order backlog","2021-07-29 12:51:52","CHERYL GERHARD","cheryl.gerhard@fmr.com","e6697118-c51e-43db-9fe4-2f393afe429a","Fidelity","23e5d0e5-fa2a-440c-bff3-4db585a2786a","163414","CHERYL GERHARD","cheryl.gerhard@fmr.com","","","RMS"
"q302mevd21n1","2021-08-13 02:25:54","9219531","Quick Take: BRI 2Q21 - Asset quality in focus, overshadowing longer term positives","2021-08-06 07:25:54","CHERYL GERHARD","cheryl.gerhard@fmr.com","e6697118-c51e-43db-9fe4-2f393afe429a","Fidelity","23e5d0e5-fa2a-440c-bff3-4db585a2786a","163670","CHERYL GERHARD","cheryl.gerhard@fmr.com","","","RMS"
"l1nr2127p69x","2021-08-09 02:00:09","9140156","Global Luxury Goods: Watches are not dead","2021-07-22 12:01:03","CHRISTOPHER SHAW","christopher.shaw@fmr.com","4dbfd662-7af2-4ed5-b828-7db19d10b73f","Fidelity","23e5d0e5-fa2a-440c-bff3-4db585a2786a","163179","CHRISTOPHER SHAW","christopher.shaw@fmr.com","","","RMS"
"jp01xlw5j1n4","2021-09-13 07:21:43","9332795","Estun: Temporary cost headwind underestimated, but 1-5 year thesis intact; Reiterate Outperform","2021-08-31 10:29:39","ANONYMOUS","ANONYMOUS","ANONYMOUS","Fidelity","23e5d0e5-fa2a-440c-bff3-4db585a2786a","164055","ANONYMOUS","ANONYMOUS","","","RMS"
"1e0exqgqog9r","2021-09-15 11:06:10","9376667","Airbus, Safran, BAE Systems, Rolls-Royce, MTU, Meggitt, Thales: Management question bank (Sept 2021 edition)","2021-09-10 07:53:19","ANONYMOUS","ANONYMOUS","ANONYMOUS","Fidelity","23e5d0e5-fa2a-440c-bff3-4db585a2786a","164128","ANONYMOUS","ANONYMOUS","","","RMS"
"jp01x55ej1n4","2021-09-08 10:59:08","8114634","Quick Take: Estun and FANUC robot business strong in 4Q20, further gaining share in China","2021-01-22 10:42:38","ANONYMOUS","ANONYMOUS","ANONYMOUS","Fidelity","23e5d0e5-fa2a-440c-bff3-4db585a2786a","159440","ANONYMOUS","ANONYMOUS","","","RMS"
"2806wmm8e3n1","2021-09-08 10:14:25","7969627","Asian Industrial Tech: The Barometer (Oct/Nov 2020)","2020-11-30 06:24:28","ANONYMOUS","ANONYMOUS","ANONYMOUS","Fidelity","23e5d0e5-fa2a-440c-bff3-4db585a2786a","158692","ANONYMOUS","ANONYMOUS","","","RMS"
"ep9zvmoeep06","2021-08-11 12:04:30","9202466","L3Harris: Steady as she goes - Organic revenues, margins, and cash upside to continue after Q2; Outperform TP $272","2021-08-04 04:34:59","NICHOLAS ARCO","nicholas.arco@fmr.com","5bca6e4c-1117-4437-a175-8c9f7f86d211","Fidelity","23e5d0e5-fa2a-440c-bff3-4db585a2786a","163582","NICHOLAS ARCO","nicholas.arco@fmr.com","","","RMS"
"d19lq3jqk50j","2021-08-11 03:13:41","9140156","Global Luxury Goods: Watches are not dead","2021-07-22 12:01:03","CHRISTOPHER SHAW","christopher.shaw@fmr.com","4dbfd662-7af2-4ed5-b828-7db19d10b73f","Fidelity","23e5d0e5-fa2a-440c-bff3-4db585a2786a","163179","CHRISTOPHER SHAW","christopher.shaw@fmr.com","","","RMS"
"jp01r8z22mn4","2021-11-01 01:35:28","9442303","Alibaba: Another quarter, another cut - when does ""too cheap"" start to matter?","2021-09-30 02:18:16","ANONYMOUS","ANONYMOUS","ANONYMOUS","Fidelity","23e5d0e5-fa2a-440c-bff3-4db585a2786a","164465","ANONYMOUS","ANONYMOUS","","","RMS"
"jp01rd8m4zn4","2021-10-19 10:26:38","9493089","Bernstein Energy: Oil inventories at 5-year low as demand continues to surprise to the upside","2021-10-18 01:47:23","ANONYMOUS","ANONYMOUS","ANONYMOUS","Fidelity","23e5d0e5-fa2a-440c-bff3-4db585a2786a","164711","ANONYMOUS","ANONYMOUS","","","RMS"
"wr9ywdj8gzn3","2021-09-12 08:14:47","8405294","Bernstein APAC Oil: Gas, chemicals, clean energy and the investment case for China's oil majors","2021-04-11 09:30:27","ANONYMOUS","ANONYMOUS","ANONYMOUS","Fidelity","23e5d0e5-fa2a-440c-bff3-4db585a2786a","161203","ANONYMOUS","ANONYMOUS","","","RMS"
"mx0qq87ym40z","2021-10-20 11:09:37","9426842","China Internet: Thoughts on retail sales, the credit cycle, and e-commerce growth","2021-09-23 09:31:14","ANONYMOUS","ANONYMOUS","ANONYMOUS","Fidelity","23e5d0e5-fa2a-440c-bff3-4db585a2786a","164383","ANONYMOUS","ANONYMOUS","","","RMS"
"p39w6jeyp7nk","2021-10-20 10:56:28","9450906","China OTAs: TCOM and its competitors in the eyes of hotels","2021-10-03 09:30:28","ANONYMOUS","ANONYMOUS","ANONYMOUS","Fidelity","23e5d0e5-fa2a-440c-bff3-4db585a2786a","164504","ANONYMOUS","ANONYMOUS","","","RMS"
"3q94r6kov704","2021-08-12 02:19:50","9237568","Sign me up!  Why consumers are increasingly subscribing rather than buying","2021-08-11 07:42:41","BILAL SYED","bilal.syed@fmr.com","812b8349-95eb-4651-b4c8-a77b896e905f","Fidelity","23e5d0e5-fa2a-440c-bff3-4db585a2786a","163739","BILAL SYED","bilal.syed@fmr.com","","","RMS"
"g6nv72zekln3","2021-10-26 06:56:17","9093121","China Internet: A question of time - what drives sustainable returns as user attention growth slows?","2021-07-07 08:51:31","ANONYMOUS","ANONYMOUS","ANONYMOUS","Fidelity","23e5d0e5-fa2a-440c-bff3-4db585a2786a","162904","ANONYMOUS","ANONYMOUS","","","RMS"
"3q94rxg5z704","2021-08-31 10:35:22","9329364","Moutai: Yet another new Chairman after only 17 months","2021-08-30 02:16:09","HAMISH CLARK","hamish.clark@fmr.com","ba12213b-fc98-4130-9cea-a835687ee0f7","Fidelity","23e5d0e5-fa2a-440c-bff3-4db585a2786a","164034","HAMISH CLARK","hamish.clark@fmr.com","","","RMS"
"540jz14lvw9o","2021-09-20 11:15:57","9405234","Global Metals & Mining: The Bernstein ""Big Brother"" Bulk Barometer - Our Weekly Real Time Preview of Iron Ore Sales","2021-09-16 02:00:38","ANONYMOUS","ANONYMOUS","ANONYMOUS","Fidelity","23e5d0e5-fa2a-440c-bff3-4db585a2786a","164270","ANONYMOUS","ANONYMOUS","","","RMS"
"rd0xw65rxrn3","2021-08-13 02:25:51","9219531","Quick Take: BRI 2Q21 - Asset quality in focus, overshadowing longer term positives","2021-08-06 07:25:54","CHERYL GERHARD","cheryl.gerhard@fmr.com","e6697118-c51e-43db-9fe4-2f393afe429a","Fidelity","23e5d0e5-fa2a-440c-bff3-4db585a2786a","163670","CHERYL GERHARD","cheryl.gerhard@fmr.com","","","RMS"
"2806kpj2zqn1","2021-10-20 03:09:09","9343869","Alphalytics: Alpha, Beta and Fees","2021-09-03 12:04:01","ANONYMOUS","ANONYMOUS","ANONYMOUS","Fidelity","23e5d0e5-fa2a-440c-bff3-4db585a2786a","164094","ANONYMOUS","ANONYMOUS","","","RMS"
"rd0xwmmp7yn3","2021-09-08 10:49:44","8114634","Quick Take: Estun and FANUC robot business strong in 4Q20, further gaining share in China","2021-01-22 10:42:38","ANONYMOUS","ANONYMOUS","ANONYMOUS","Fidelity","23e5d0e5-fa2a-440c-bff3-4db585a2786a","159440","ANONYMOUS","ANONYMOUS","","","RMS"
"kp95zjjw3g9g","2021-08-04 09:17:09","9174731","Keyence: Strong secular and cyclical factors drove a record high quarter defying normal seasonality","2021-07-29 01:29:30","BELINDA HEVEY","binnie.hevey@fmr.com","f4927dd3-1412-46da-bee8-31a932e871af","Fidelity","23e5d0e5-fa2a-440c-bff3-4db585a2786a","163423","BELINDA HEVEY","binnie.hevey@fmr.com","","","RMS"
"ep9z18l7pd06","2021-10-20 10:50:27","9465212","China Internet: A good use of time? Estimating LTV/CAC by platform","2021-10-12 02:37:47","ANONYMOUS","ANONYMOUS","ANONYMOUS","Fidelity","23e5d0e5-fa2a-440c-bff3-4db585a2786a","164578","ANONYMOUS","ANONYMOUS","","","RMS"
"1e0ex28jkr9r","2021-08-20 09:58:19","9173542","FANUC: Massively raised guidance supported by quickly expanding order backlog","2021-07-29 12:51:52","CHERYL GERHARD","cheryl.gerhard@fmr.com","e6697118-c51e-43db-9fe4-2f393afe429a","Fidelity","23e5d0e5-fa2a-440c-bff3-4db585a2786a","163414","CHERYL GERHARD","cheryl.gerhard@fmr.com","","","RMS"
"5603rv28yp0r","2021-10-20 11:09:32","9426842","China Internet: Thoughts on retail sales, the credit cycle, and e-commerce growth","2021-09-23 09:31:14","ANONYMOUS","ANONYMOUS","ANONYMOUS","Fidelity","23e5d0e5-fa2a-440c-bff3-4db585a2786a","164383","ANONYMOUS","ANONYMOUS","","","RMS"
"wr9yw8xrdgn3","2021-08-10 12:46:30","9230894","Kuaishou: We're swiping up - upgrading to Market-Perform","2021-08-09 09:31:38","PRIYANSHU BAKSHI","priyanshu.bakshi@fmr.com","99b6e971-3d7f-4173-bede-e67fd410f49e","Fidelity","23e5d0e5-fa2a-440c-bff3-4db585a2786a","163709","PRIYANSHU BAKSHI","priyanshu.bakshi@fmr.com","","","RMS"
"g6nv5l36wl03","2021-09-12 08:21:24","8405294","Bernstein APAC Oil: Gas, chemicals, clean energy and the investment case for China's oil majors","2021-04-11 09:30:27","ANONYMOUS","ANONYMOUS","ANONYMOUS","Fidelity","23e5d0e5-fa2a-440c-bff3-4db585a2786a","161203","ANONYMOUS","ANONYMOUS","","","RMS"
"1e0exqjd7z9r","2021-09-13 07:24:27","9332795","Estun: Temporary cost headwind underestimated, but 1-5 year thesis intact; Reiterate Outperform","2021-08-31 10:29:39","ANONYMOUS","ANONYMOUS","ANONYMOUS","Fidelity","23e5d0e5-fa2a-440c-bff3-4db585a2786a","164055","ANONYMOUS","ANONYMOUS","","","RMS"
"48nol2267enx","2021-09-08 10:15:08","8055513","Automation in 2021: When is the next peak, what themes are real, and how much is priced in?","2021-01-04 09:31:12","ANONYMOUS","ANONYMOUS","ANONYMOUS","Fidelity","23e5d0e5-fa2a-440c-bff3-4db585a2786a","159077","ANONYMOUS","ANONYMOUS","","","RMS"
"q302mzv1qqn1","2021-09-01 07:07:27","9330573","Meituan Q2 2021: Results beat - Delta drives weak Q3; encouraging outlook on social insurance costs?","2021-08-30 10:30:34","BELINDA HEVEY","binnie.hevey@fmr.com","f4927dd3-1412-46da-bee8-31a932e871af","Fidelity","23e5d0e5-fa2a-440c-bff3-4db585a2786a","164047","BELINDA HEVEY","binnie.hevey@fmr.com","","","RMS"
"5603yll66m9r","2021-09-08 10:04:36","7944663","Global Automation: The Two Pillars of Industry 4.0 - A Primer","2020-11-23 07:44:17","ANONYMOUS","ANONYMOUS","ANONYMOUS","Fidelity","23e5d0e5-fa2a-440c-bff3-4db585a2786a","158588","ANONYMOUS","ANONYMOUS","","","RMS"
"l1nrqvlrp69x","2021-10-26 06:56:17","9307605","China Consumer: Tackling tax risk across the sector","2021-08-24 11:02:21","ANONYMOUS","ANONYMOUS","ANONYMOUS","Fidelity","23e5d0e5-fa2a-440c-bff3-4db585a2786a","163955","ANONYMOUS","ANONYMOUS","","","RMS"
"ry0pevjxg796","2021-08-10 12:46:16","9230894","Kuaishou: We're swiping up - upgrading to Market-Perform","2021-08-09 09:31:38","PRIYANSHU BAKSHI","priyanshu.bakshi@fmr.com","99b6e971-3d7f-4173-bede-e67fd410f49e","Fidelity","23e5d0e5-fa2a-440c-bff3-4db585a2786a","163709","PRIYANSHU BAKSHI","priyanshu.bakshi@fmr.com","","","RMS"
"1e0ex23yrz9r","2021-08-21 01:07:33","9294243","Tencent Q2 2021: Keep calm and carry on - ads, F&BS drive a beat","2021-08-18 09:30:23","PRIYANSHU BAKSHI","priyanshu.bakshi@fmr.com","99b6e971-3d7f-4173-bede-e67fd410f49e","Fidelity","23e5d0e5-fa2a-440c-bff3-4db585a2786a","163882","PRIYANSHU BAKSHI","priyanshu.bakshi@fmr.com","","","RMS"
"3q94rdwojq04","2021-09-13 07:24:04","9332795","Estun: Temporary cost headwind underestimated, but 1-5 year thesis intact; Reiterate Outperform","2021-08-31 10:29:39","ANONYMOUS","ANONYMOUS","ANONYMOUS","Fidelity","23e5d0e5-fa2a-440c-bff3-4db585a2786a","164055","ANONYMOUS","ANONYMOUS","","","RMS"
"lgnd2wx4l80d","2021-10-26 06:56:17","9522211","Pricing Power: China Internet - creatures of habit, and the value of laziness","2021-10-25 09:33:03","ANONYMOUS","ANONYMOUS","ANONYMOUS","Fidelity","23e5d0e5-fa2a-440c-bff3-4db585a2786a","164904","ANONYMOUS","ANONYMOUS","","","RMS"
"mx0qq8m6jx0z","2021-10-16 05:54:51","9343869","Alphalytics: Alpha, Beta and Fees","2021-09-03 12:04:01","ANONYMOUS","ANONYMOUS","ANONYMOUS","Fidelity","23e5d0e5-fa2a-440c-bff3-4db585a2786a","164094","ANONYMOUS","ANONYMOUS","","","RMS"
"3q94r85wql04","2021-08-20 09:58:15","9173542","FANUC: Massively raised guidance supported by quickly expanding order backlog","2021-07-29 12:51:52","CHERYL GERHARD","cheryl.gerhard@fmr.com","e6697118-c51e-43db-9fe4-2f393afe429a","Fidelity","23e5d0e5-fa2a-440c-bff3-4db585a2786a","163414","CHERYL GERHARD","cheryl.gerhard@fmr.com","","","RMS"
"rd0xyq5evy93","2021-10-20 11:09:11","9426842","China Internet: Thoughts on retail sales, the credit cycle, and e-commerce growth","2021-09-23 09:31:14","ANONYMOUS","ANONYMOUS","ANONYMOUS","Fidelity","23e5d0e5-fa2a-440c-bff3-4db585a2786a","164383","ANONYMOUS","ANONYMOUS","","","RMS"
"go9g12omre9z","2021-08-31 08:33:36","9181036","EssilorLuxottica: Business accelerates, Outlook revised up","2021-07-30 06:55:18","SAMMY SIMNEGAR","sammy.simnegar@fmr.com","62e4f2e9-c501-4a26-8465-e405aca78450","Fidelity","23e5d0e5-fa2a-440c-bff3-4db585a2786a","163476","SAMMY SIMNEGAR","sammy.simnegar@fmr.com","","","RMS"
"qvn7pg5yevn4","2021-10-20 11:05:03","9431472","Trip.com: Recent mega-short booking windows immensely increase the forecasting challenge.  But why does it matter?","2021-09-27 12:06:06","ANONYMOUS","ANONYMOUS","ANONYMOUS","Fidelity","23e5d0e5-fa2a-440c-bff3-4db585a2786a","164416","ANONYMOUS","ANONYMOUS","","","RMS"
"go9g1l4gg29z","2021-08-11 06:05:29","8806918","Portfolio Strategy: Pharma - Cheap defensiveness, challenged by inflation. Highlight specific opportunities","2021-05-04 12:02:33","ADARSH BALA","adarsh.bala@fmr.com","521a0278-27ca-4371-9cdf-cf1551381ebe","Fidelity","23e5d0e5-fa2a-440c-bff3-4db585a2786a","161764","ADARSH BALA","adarsh.bala@fmr.com","","","RMS"
"go9g5k7q36nz","2021-10-20 11:08:02","9431472","Trip.com: Recent mega-short booking windows immensely increase the forecasting challenge.  But why does it matter?","2021-09-27 12:06:06","ANONYMOUS","ANONYMOUS","ANONYMOUS","Fidelity","23e5d0e5-fa2a-440c-bff3-4db585a2786a","164416","ANONYMOUS","ANONYMOUS","","","RMS"
"5603yo2q6p9r","2021-08-21 01:07:26","9294243","Tencent Q2 2021: Keep calm and carry on - ads, F&BS drive a beat","2021-08-18 09:30:23","PRIYANSHU BAKSHI","priyanshu.bakshi@fmr.com","99b6e971-3d7f-4173-bede-e67fd410f49e","Fidelity","23e5d0e5-fa2a-440c-bff3-4db585a2786a","163882","PRIYANSHU BAKSHI","priyanshu.bakshi@fmr.com","","","RMS"
"3q94roomwq04","2021-09-08 08:39:02","7944663","Global Automation: The Two Pillars of Industry 4.0 - A Primer","2020-11-23 07:44:17","ANONYMOUS","ANONYMOUS","ANONYMOUS","Fidelity","23e5d0e5-fa2a-440c-bff3-4db585a2786a","158588","ANONYMOUS","ANONYMOUS","","","RMS"
"540jz31jrw9o","2021-11-01 04:26:18","9541910","Quick Take - PetroChina 3Q21. Beat on higher prices but gas losses remain key risk heading into winter. Market-Perform","2021-10-28 11:55:52","ANONYMOUS","ANONYMOUS","ANONYMOUS","Fidelity","23e5d0e5-fa2a-440c-bff3-4db585a2786a","165040","ANONYMOUS","ANONYMOUS","","","RMS"
"qwnm2287wz0j","2021-10-14 08:28:48","9482179","Global Metals & Mining: The Bernstein ""Big Brother"" Bulk Barometer - Our Weekly Real Time Preview of Iron Ore Sales","2021-10-14 03:56:36","ANONYMOUS","ANONYMOUS","ANONYMOUS","Fidelity","23e5d0e5-fa2a-440c-bff3-4db585a2786a","164675","ANONYMOUS","ANONYMOUS","","","RMS"
"rd0xyq5vp293","2021-10-20 10:56:52","9450906","China OTAs: TCOM and its competitors in the eyes of hotels","2021-10-03 09:30:28","ANONYMOUS","ANONYMOUS","ANONYMOUS","Fidelity","23e5d0e5-fa2a-440c-bff3-4db585a2786a","164504","ANONYMOUS","ANONYMOUS","","","RMS"
"g6nv56jrlr03","2021-08-10 12:47:31","9230894","Kuaishou: We're swiping up - upgrading to Market-Perform","2021-08-09 09:31:38","PRIYANSHU BAKSHI","priyanshu.bakshi@fmr.com","99b6e971-3d7f-4173-bede-e67fd410f49e","Fidelity","23e5d0e5-fa2a-440c-bff3-4db585a2786a","163709","PRIYANSHU BAKSHI","priyanshu.bakshi@fmr.com","","","RMS"
"ep9zvrzpjg06","2021-08-07 04:35:38","9207631","Gree: Across the regions, how much has channel reform progressed?","2021-08-04 09:30:42","ANJIE ZHOU","angie.zhou@fmr.com","a26d88a7-923c-4333-9632-7f6bdc291cd3","Fidelity","23e5d0e5-fa2a-440c-bff3-4db585a2786a","163600","ANJIE ZHOU","angie.zhou@fmr.com","","","RMS"
"qwnm2m7zer0j","2021-10-20 10:50:21","9465212","China Internet: A good use of time? Estimating LTV/CAC by platform","2021-10-12 02:37:47","ANONYMOUS","ANONYMOUS","ANONYMOUS","Fidelity","23e5d0e5-fa2a-440c-bff3-4db585a2786a","164578","ANONYMOUS","ANONYMOUS","","","RMS"
"ymn8we521lno","2021-08-07 04:23:57","9207631","Gree: Across the regions, how much has channel reform progressed?","2021-08-04 09:30:42","ANJIE ZHOU","angie.zhou@fmr.com","a26d88a7-923c-4333-9632-7f6bdc291cd3","Fidelity","23e5d0e5-fa2a-440c-bff3-4db585a2786a","163600","ANJIE ZHOU","angie.zhou@fmr.com","","","RMS"
"d19lq6l7p50j","2021-08-28 03:14:41","9315737","Baijiu pricing: Moutai Wholesale price down 10% post regulatory meeting","2021-08-25 09:31:18","HAMISH CLARK","hamish.clark@fmr.com","ba12213b-fc98-4130-9cea-a835687ee0f7","Fidelity","23e5d0e5-fa2a-440c-bff3-4db585a2786a","163982","HAMISH CLARK","hamish.clark@fmr.com","","","RMS"
"ry0pegpoxz96","2021-09-09 02:56:32","9384233","Estun: Understanding margin recovery from a virtual teardown of a servo drive","2021-09-08 09:31:15","ANONYMOUS","ANONYMOUS","ANONYMOUS","Fidelity","23e5d0e5-fa2a-440c-bff3-4db585a2786a","164157","ANONYMOUS","ANONYMOUS","","","RMS"
"jp01x4v3p4n4","2021-08-13 02:25:57","9219531","Quick Take: BRI 2Q21 - Asset quality in focus, overshadowing longer term positives","2021-08-06 07:25:54","CHERYL GERHARD","cheryl.gerhard@fmr.com","e6697118-c51e-43db-9fe4-2f393afe429a","Fidelity","23e5d0e5-fa2a-440c-bff3-4db585a2786a","163670","CHERYL GERHARD","cheryl.gerhard@fmr.com","","","RMS"
"3q94roomwr04","2021-09-08 08:33:29","9093205","Estun: Best Idea 3Q2021 - The long-term winner in Chinese robotics with near-term tailwinds; Outperform","2021-07-06 10:31:22","ANONYMOUS","ANONYMOUS","ANONYMOUS","Fidelity","23e5d0e5-fa2a-440c-bff3-4db585a2786a","162905","ANONYMOUS","ANONYMOUS","","","RMS"
"ymn8x86q280o","2021-10-20 10:50:14","9465212","China Internet: A good use of time? Estimating LTV/CAC by platform","2021-10-12 02:37:47","ANONYMOUS","ANONYMOUS","ANONYMOUS","Fidelity","23e5d0e5-fa2a-440c-bff3-4db585a2786a","164578","ANONYMOUS","ANONYMOUS","","","RMS"
"jp01x6pg74n4","2021-08-21 12:59:41","9294243","Tencent Q2 2021: Keep calm and carry on - ads, F&BS drive a beat","2021-08-18 09:30:23","PRIYANSHU BAKSHI","priyanshu.bakshi@fmr.com","99b6e971-3d7f-4173-bede-e67fd410f49e","Fidelity","23e5d0e5-fa2a-440c-bff3-4db585a2786a","163882","PRIYANSHU BAKSHI","priyanshu.bakshi@fmr.com","","","RMS"
"ry0pemlklm96","2021-08-31 08:32:49","9184739","EssiLux: Highlights from the 1H21 conference call","2021-07-30 02:12:45","SAMMY SIMNEGAR","sammy.simnegar@fmr.com","62e4f2e9-c501-4a26-8465-e405aca78450","Fidelity","23e5d0e5-fa2a-440c-bff3-4db585a2786a","163495","SAMMY SIMNEGAR","sammy.simnegar@fmr.com","","","RMS"
"qwnm2m76l40j","2021-10-20 11:08:10","9431472","Trip.com: Recent mega-short booking windows immensely increase the forecasting challenge.  But why does it matter?","2021-09-27 12:06:06","ANONYMOUS","ANONYMOUS","ANONYMOUS","Fidelity","23e5d0e5-fa2a-440c-bff3-4db585a2786a","164416","ANONYMOUS","ANONYMOUS","","","RMS"
"q302mdre4kn1","2021-08-05 07:01:52","9204245","Marriott 2Q21: The law of large numbers","2021-08-04 10:41:52","NICOLA STAFFORD","nicola.stafford@fmr.com","3beb26d8-16f7-4ce2-8f40-ad143181fcb4","Fidelity","23e5d0e5-fa2a-440c-bff3-4db585a2786a","163589","NICOLA STAFFORD","nicola.stafford@fmr.com","","","RMS"
