﻿Refinitiv DocID,Local DocID,Headline,# Pages,Ticker,Industry,Country,Analyst,Refinitiv Analyst ID,Local Analyst ID,Published Date,Viewed Date,Client Name,Client Company ID,User Name,Unique ID,User Job Role,User Division,User Email,User Phone,User Address,User City,User State,User Country,Client Address,Client City,Client State,Client Country,Client Type,Delivery,Transaction ID
94710492,165698,Biopharma Wkly (11/29/21): Omicron - the next two weeks should tell the story; JAKi decline benefits Humira/Orencia; MRK setback,11,BIIB.O{BIIB.OQ},Biotechnology,Ireland,"Gal PHD, Ronny",3T51      ,309,11/29/2021 12:38:01,12/05/2021 03:31:53,Restricted,Restricted,Restricted,Restricted,Restricted,Restricted,Restricted,Restricted,Restricted,Restricted,Restricted,Restricted,Restricted,Restricted,Restricted,Restricted,Restricted,Restricted,1356003722
94658682,165629,US Biopharma: Sector outlook for 4Q21; who's hot and who's not for the next 3 months,10,AMGN.O{AMGN.OQ},Biotechnology,Ireland,"Gal PHD, Ronny",3T51      ,309,11/23/2021 05:04:56,12/05/2021 03:32:24,Restricted,Restricted,Restricted,Restricted,Restricted,Restricted,Restricted,Restricted,Restricted,Restricted,Restricted,Restricted,Restricted,Restricted,Restricted,Restricted,Restricted,Restricted,1356003792
94509881,165411,Coinbase 3q21: Tale of two worlds - peak caution (on retail trading) or peak optimism (on optionality beyond)?,19,COIN{COIN.OQ},Financial Services,United States,"Rawat, Harshita",7KVH      ,625,11/10/2021 12:52:27,12/05/2021 03:49:07,Restricted,Restricted,Restricted,Restricted,Restricted,Restricted,Restricted,Restricted,Restricted,Restricted,Restricted,Restricted,Restricted,Restricted,Restricted,Restricted,Restricted,Restricted,1356006250
94431043,165305,"VIAC, LGF/B CQ3'21: Streaming pressures drive lower FCF and Starz strategic review",15,VIAC.O{VIAC.OQ},Broadcasting & Cable,Canada,"Juenger, Todd",6D0D      ,533,11/05/2021 03:28:56,12/05/2021 04:36:28,Restricted,Restricted,Restricted,Restricted,Restricted,Restricted,Restricted,Restricted,Restricted,Restricted,Restricted,Restricted,Restricted,Restricted,Restricted,Restricted,Restricted,Restricted,1356014796
94764053,165765,"Global Memory - Global Memory Series (Part 5): Market share, role of government, and financial comparison",39,005935.KS{005930.KS},Info. Tech./Computers,"Korea, Republic of","Li, Mark",68CP      ,488,12/02/2021 20:38:25,12/05/2021 04:37:16,Restricted,Restricted,Restricted,Restricted,Restricted,Restricted,Restricted,Restricted,Restricted,Restricted,Restricted,Restricted,Restricted,Restricted,Restricted,Restricted,Restricted,Restricted,1356014910
94007592,164612,Just Eat Takeaway Q3 & CMD preview: expecting continued QoQ order growth with an opportunity to reset communications,16,JET.AS,Consumer,Netherlands,"Woods, William",8AH7      ,1057,10/10/2021 23:24:49,12/05/2021 07:18:16,Restricted,Restricted,Restricted,Restricted,Restricted,Restricted,Restricted,Restricted,Restricted,Restricted,Restricted,Restricted,Restricted,Restricted,Restricted,Restricted,Restricted,Restricted,1356040631
87446973,151872,Spotify (SPOT): Model update after Q4'19 EPS report,13,SPOT.N{SPOT.N},Leisure & Entertainment,Luxembourg,"Juenger, Todd",6D0D      ,533,02/06/2020 04:02:08,12/05/2021 08:26:29,Restricted,Restricted,Restricted,Restricted,Restricted,Restricted,Restricted,Restricted,Restricted,Restricted,Restricted,Restricted,Restricted,Restricted,Restricted,Restricted,Restricted,Restricted,1356047488
94431043,165305,"VIAC, LGF/B CQ3'21: Streaming pressures drive lower FCF and Starz strategic review",15,VIAC.O{VIAC.OQ},Broadcasting & Cable,Canada,"Juenger, Todd",6D0D      ,533,11/05/2021 03:28:56,12/05/2021 14:09:35,Restricted,Restricted,Restricted,Restricted,Restricted,Restricted,Restricted,Restricted,Restricted,Restricted,Restricted,Restricted,Restricted,Restricted,Restricted,Restricted,Restricted,Restricted,1356091772
94704348,165683,"Meituan Q3: The Delta reset - and a pivot to efficiency, on-demand e-commerce",14,3690.HK{3690.HK},Consumer,Cayman Islands,"Zhu, Robin",70EZ      ,582,11/26/2021 17:34:03,12/05/2021 15:01:30,Restricted,Restricted,Restricted,Restricted,Restricted,Restricted,Restricted,Restricted,Restricted,Restricted,Restricted,Restricted,Restricted,Restricted,Restricted,Restricted,Restricted,Restricted,1356105432
94704348,165683,"Meituan Q3: The Delta reset - and a pivot to efficiency, on-demand e-commerce",14,3690.HK{3690.HK},Consumer,Cayman Islands,"Zhu, Robin",70EZ      ,582,11/26/2021 17:34:03,12/05/2021 16:24:31,Restricted,Restricted,Restricted,Restricted,Restricted,Restricted,Restricted,Restricted,Restricted,Restricted,Restricted,Restricted,Restricted,Restricted,Restricted,Restricted,Restricted,Restricted,1356123259
94764320,165768,Ten Shades of Green — An ESG Thematic Primer,430,PM.N{PM.N},Advertising,Australia,"Ma, Zhihan",84WB      ,810,12/02/2021 22:02:26,12/05/2021 17:35:21,Restricted,Restricted,Restricted,Restricted,Restricted,Restricted,Restricted,Restricted,Restricted,Restricted,Restricted,Restricted,Restricted,Restricted,Restricted,Restricted,Restricted,Restricted,1356136964
94779259,165794,China Flow Monitor: Northbound/global fund flow becomes stronger though onshore sentiment takes a hit,21,,,China,"Agarwal, Rupal",7USP      ,987,12/05/2021 18:06:42,12/05/2021 18:11:03,Restricted,Restricted,Restricted,Restricted,Restricted,Restricted,Restricted,Restricted,Restricted,Restricted,Restricted,Restricted,Restricted,Restricted,Restricted,Restricted,Restricted,Restricted,1356143601
93741952,164222,"Intuitive Surgical: Another COVID freakout? Really, are we still doing this?",18,ISRG.O{ISRG.OQ},Healthcare,United States,"Hambright, Lee",7J8X      ,804,09/13/2021 06:36:38,12/05/2021 18:15:59,Restricted,Restricted,Restricted,Restricted,Restricted,Restricted,Restricted,Restricted,Restricted,Restricted,Restricted,Restricted,Restricted,Restricted,Restricted,Restricted,Restricted,Restricted,1356144222
94605413,165557,Quick Take: Visa - Amazon's show of strength - still a negotiating tactic or a beginning of shift away from cards?,8,V.N{V.N},Info. Tech./Computers,United States,"Rawat, Harshita",7KVH      ,625,11/17/2021 17:54:44,12/05/2021 19:20:14,Restricted,Restricted,Restricted,Restricted,Restricted,Restricted,Restricted,Restricted,Restricted,Restricted,Restricted,Restricted,Restricted,Restricted,Restricted,Restricted,Restricted,Restricted,1356156535
94532428,165449,"Mastercard 2021 Investor Day: Disrupting, not disrupted in the next era in payments",17,MA.N{MA.N},Info. Tech./Computers,United States,"Rawat, Harshita",7KVH      ,625,11/11/2021 14:42:57,12/05/2021 19:20:23,Restricted,Restricted,Restricted,Restricted,Restricted,Restricted,Restricted,Restricted,Restricted,Restricted,Restricted,Restricted,Restricted,Restricted,Restricted,Restricted,Restricted,Restricted,1356156560
93709289,164152,Toast Pre-IPO: Our perspectives on the key controversies,23,SQ.N{SQ.N},Info. Tech./Computers,United States,"Rawat, Harshita",7KVH      ,625,09/08/2021 13:38:56,12/05/2021 19:24:59,Restricted,Restricted,Restricted,Restricted,Restricted,Restricted,Restricted,Restricted,Restricted,Restricted,Restricted,Restricted,Restricted,Restricted,Restricted,Restricted,Restricted,Restricted,1356157336
93543976,163957,Bernstein Crypto: A short primer on blockbuster crypto games and in-game NFTs,15,ICBK.NS{ICBK.NS},Banks,India,"Chhugani, Gautam",7CKR      ,767,08/24/2021 06:28:04,12/05/2021 19:37:47,Restricted,Restricted,Restricted,Restricted,Restricted,Restricted,Restricted,Restricted,Restricted,Restricted,Restricted,Restricted,Restricted,Restricted,Restricted,Restricted,Restricted,Restricted,1356160183
93709289,164152,Toast Pre-IPO: Our perspectives on the key controversies,23,SQ.N{SQ.N},Info. Tech./Computers,United States,"Rawat, Harshita",7KVH      ,625,09/08/2021 13:38:56,12/05/2021 19:53:51,Restricted,Restricted,Restricted,Restricted,Restricted,Restricted,Restricted,Restricted,Restricted,Restricted,Restricted,Restricted,Restricted,Restricted,Restricted,Restricted,Restricted,Restricted,1356162927
94779354,165795,China Internet: Deja vu - thoughts post Q3 reporting,24,3690.HK{3690.HK},Consumer,Cayman Islands,"Zhu, Robin",70EZ      ,582,12/05/2021 20:37:51,12/05/2021 20:47:23,Restricted,Restricted,Restricted,Restricted,Restricted,Restricted,Restricted,Restricted,Restricted,Restricted,Restricted,Restricted,Restricted,Restricted,Restricted,Restricted,Restricted,Restricted,1356173213
94779354,165795,China Internet: Deja vu - thoughts post Q3 reporting,24,3690.HK{3690.HK},Consumer,Cayman Islands,"Zhu, Robin",70EZ      ,582,12/05/2021 20:37:51,12/05/2021 20:48:12,Restricted,Restricted,Restricted,Restricted,Restricted,Restricted,Restricted,Restricted,Restricted,Restricted,Restricted,Restricted,Restricted,Restricted,Restricted,Restricted,Restricted,Restricted,1356173457
94735305,165731,"easyJet: Getting their mojo back. Outperform, TP £8.75",18,EZJ.L{EZJ.L},Air Transportation,United Kingdom,"Irving, Alexander",8DRS      ,826,12/01/2021 00:08:05,12/05/2021 20:52:13,Restricted,Restricted,Restricted,Restricted,Restricted,Restricted,Restricted,Restricted,Restricted,Restricted,Restricted,Restricted,Restricted,Restricted,Restricted,Restricted,Restricted,Restricted,1356174221
94164009,164817,"Quick Take: CP 3Q:21 - noisy quarter, all eyes on the prize and merger next steps",12,CP.N{CP.TO},Manufacturing,Canada,"Vernon, David",64MH      ,511,10/21/2021 04:00:44,12/05/2021 22:15:17,Restricted,Restricted,Restricted,Restricted,Restricted,Restricted,Restricted,Restricted,Restricted,Restricted,Restricted,Restricted,Restricted,Restricted,Restricted,Restricted,Restricted,Restricted,1356190474
94365968,165173,ConvaTec: 2021 set to end on a high note as the company guides to the top end of their sales growth range. But what about 2022?,14,CTEC.L{CTEC.L},Healthcare,United Kingdom,"Clive, Lisa Bedell",4GPL      ,344,11/01/2021 23:10:59,12/05/2021 22:41:40,Restricted,Restricted,Restricted,Restricted,Restricted,Restricted,Restricted,Restricted,Restricted,Restricted,Restricted,Restricted,Restricted,Restricted,Restricted,Restricted,Restricted,Restricted,1356195462
94764872,165778,NVIDIA (NVDA): No one thinks it will close anyway...,7,NVDA.O{NVDA.OQ},Info. Tech./Computers,United States,"Rasgon PHD, Stacy A.",4GJR      ,433,12/03/2021 00:51:10,12/05/2021 22:57:53,Restricted,Restricted,Restricted,Restricted,Restricted,Restricted,Restricted,Restricted,Restricted,Restricted,Restricted,Restricted,Restricted,Restricted,Restricted,Restricted,Restricted,Restricted,1356198587
94779354,165795,China Internet: Deja vu - thoughts post Q3 reporting,24,3690.HK{3690.HK},Consumer,Cayman Islands,"Zhu, Robin",70EZ      ,582,12/05/2021 20:37:51,12/05/2021 22:58:10,Restricted,Restricted,Restricted,Restricted,Restricted,Restricted,Restricted,Restricted,Restricted,Restricted,Restricted,Restricted,Restricted,Restricted,Restricted,Restricted,Restricted,Restricted,1356198647
94630970,165600,Farfetch: Highlights from the two 3Q21 Conference Calls,11,FTCH.N{FTCH.N},Consumer,Cayman Islands,"Solca, Luca",3UIB      ,310,11/19/2021 15:32:49,12/05/2021 23:22:32,Restricted,Restricted,Restricted,Restricted,Restricted,Restricted,Restricted,Restricted,Restricted,Restricted,Restricted,Restricted,Restricted,Restricted,Restricted,Restricted,Restricted,Restricted,1356202715
94431043,165305,"VIAC, LGF/B CQ3'21: Streaming pressures drive lower FCF and Starz strategic review",15,VIAC.O{VIAC.OQ},Broadcasting & Cable,Canada,"Juenger, Todd",6D0D      ,533,11/05/2021 03:28:56,12/05/2021 23:41:23,Restricted,Restricted,Restricted,Restricted,Restricted,Restricted,Restricted,Restricted,Restricted,Restricted,Restricted,Restricted,Restricted,Restricted,Restricted,Restricted,Restricted,Restricted,1356205320
94606388,165558,Global OTAs and Airlines: The distribution of distribution. A dive into the role of intermediaries in selling air travel,36,BKNG.O{BKNG.OQ},Air Transportation,France,"Clarke, Richard J.",7EW2      ,626,11/17/2021 21:37:05,12/05/2021 23:52:17,Restricted,Restricted,Restricted,Restricted,Restricted,Restricted,Restricted,Restricted,Restricted,Restricted,Restricted,Restricted,Restricted,Restricted,Restricted,Restricted,Restricted,Restricted,1356206981
94515678,165429,Global OTAs: Short term let but long term bet. A primer on Private Rental Distribution,38,BKNG.O{BKNG.OQ},Consumer,United States,"Clarke, Richard J.",7EW2      ,626,11/11/2021 00:12:51,12/05/2021 23:52:35,Restricted,Restricted,Restricted,Restricted,Restricted,Restricted,Restricted,Restricted,Restricted,Restricted,Restricted,Restricted,Restricted,Restricted,Restricted,Restricted,Restricted,Restricted,1356207027
94439846,165321,Expedia 3Q21: Quarter on Methylprednisolone,17,BKNG.O{BKNG.OQ},Consumer,United States,"Clarke, Richard J.",7EW2      ,626,11/05/2021 11:11:15,12/05/2021 23:52:46,Restricted,Restricted,Restricted,Restricted,Restricted,Restricted,Restricted,Restricted,Restricted,Restricted,Restricted,Restricted,Restricted,Restricted,Restricted,Restricted,Restricted,Restricted,1356207056
94606388,165558,Global OTAs and Airlines: The distribution of distribution. A dive into the role of intermediaries in selling air travel,36,BKNG.O{BKNG.OQ},Air Transportation,France,"Clarke, Richard J.",7EW2      ,626,11/17/2021 21:37:05,12/05/2021 23:58:46,Restricted,Restricted,Restricted,Restricted,Restricted,Restricted,Restricted,Restricted,Restricted,Restricted,Restricted,Restricted,Restricted,Restricted,Restricted,Restricted,Restricted,Restricted,1356208001
94779713,165796,"Adevinta: A new strategy, the same old problem",30,ADE.OL,Media,France,"Littunen, Matti",82IG      ,1023,12/05/2021 23:56:42,12/05/2021 23:58:47,Restricted,Restricted,Restricted,Restricted,Restricted,Restricted,Restricted,Restricted,Restricted,Restricted,Restricted,Restricted,Restricted,Restricted,Restricted,Restricted,Restricted,Restricted,1356208003
