﻿Refinitiv DocID,Local DocID,Headline,# Pages,Ticker,Industry,Country,Analyst,Refinitiv Analyst ID,Local Analyst ID,Published Date,Viewed Date,Client Name,Client Company ID,User Name,Unique ID,User Job Role,User Division,User Email,User Phone,User Address,User City,User State,User Country,Client Address,Client City,Client State,Client Country,Client Type,Delivery,Transaction ID
93533776,163944,Macau weekly: GGR +55% w/w and MTD -86% vs. Aug'19; visitation begins to return as COVID cases under control in China,15,MLCO.O{MPEy.F},Consumer,Australia,"Umansky, Vitaly",72YA      ,649,08/23/2021 08:35:23,09/06/2021 00:01:02,"Grantham, Mayo, Van Otterloo & Co.",4143,Amit Bhartia,amit.bhartia@4143,Equity Portfolio Manager,EM,amit.bhartia@gmo.com,65 6532 0346; +16173307500,80 Raffles Place #17-23 UOB Plaza 2 Singapore 048624,Singapore,Massachusetts,Singapore,"40 ROWES WHARF,FL 6",BOSTON,MA,United States,Buyside,Desktop/Mobile,1330362229
93472251,163827,Macau weekly: GGR -37% w/w and -87% vs. Aug'19. Est. Aug GGR down 80s %; China contagion ongoing with travel disruption,16,MLCO.O{MPEy.F},Consumer,Australia,"Umansky, Vitaly",72YA      ,649,08/16/2021 08:59:54,09/06/2021 00:01:04,"Grantham, Mayo, Van Otterloo & Co.",4143,Amit Bhartia,amit.bhartia@4143,Equity Portfolio Manager,EM,amit.bhartia@gmo.com,65 6532 0346; +16173307500,80 Raffles Place #17-23 UOB Plaza 2 Singapore 048624,Singapore,Massachusetts,Singapore,"40 ROWES WHARF,FL 6",BOSTON,MA,United States,Buyside,Desktop/Mobile,1330362237
93631768,164068,Macau Gaming: Aug GGR -82% vs. '19; Est Sept GGR down 60s% vs. '19 (+70s% m/m) as China eases travel restrictions,18,MLCO.O{MPEy.F},Consumer,Cayman Islands,"Umansky, Vitaly",72YA      ,649,09/01/2021 05:45:35,09/06/2021 00:01:09,"Grantham, Mayo, Van Otterloo & Co.",4143,Amit Bhartia,amit.bhartia@4143,Equity Portfolio Manager,EM,amit.bhartia@gmo.com,65 6532 0346; +16173307500,80 Raffles Place #17-23 UOB Plaza 2 Singapore 048624,Singapore,Massachusetts,Singapore,"40 ROWES WHARF,FL 6",BOSTON,MA,United States,Buyside,Desktop/Mobile,1330362248
93660921,164097,Commercial Aircraft Recovery: China - An Olympic-size challenge,15,AIR.PA{AIR.PA},Aerospace,China,"Harned, Douglas S.",3JKI      ,275,09/03/2021 02:13:12,09/06/2021 00:02:50,Cathay Securities Investment Trust,25290,Jerry Wu,jerrywu2@25290,,,jerrywu@cathaysite.com.tw,+886 2 27008399 x3816,"6F, 39, Sec. 2, Tun Hwa S. Road,",Taipei,Taiwan,Taiwan,"Cathay SEcurities Investment T,18F, No. 296, Jen-Ai Road, Sec",Taipei,,Taiwan,Buyside,Desktop/Mobile,1330362309
93506149,163893,Carlsberg 1H21: The Chinese dragon keeps rising and 2022 input costs not as scary as some might fear,21,CARLb.CO{CARLb.CO},Beverages & Tobacco,Denmark,"Stirling, Trevor J.",3T76      ,315,08/19/2021 06:26:51,09/06/2021 02:46:06,Magellan Asset Management Pty Ltd,106676,Abbey Cook,abbey.cook@106676,Hedge Fund Portfolio Manager,Porfolio Manager,abbey.cook@magellangroup.com.au,61 2 9251 3525,L36 19-29 Martin Pl,Sydney,,Australia,L 1 1 Castlereagh St,Sydney,,Australia,Buyside,Sentieo,1330381872
93246452,163451,Morrisons: the curious case of the LBO - our analysis,17,TSCO.L{TSCO.L},Consumer,France,"Woods, William",8AH7      ,1057,07/29/2021 23:15:22,09/06/2021 05:45:10,Polygon Global Partners (UK),72370,Guy Maxwell,GMaxwell@72370,Information Professional,,gmaxwell@tetragoninv.com,,4 SLOANE TERRACE,London,Greater London,United Kingdom,10 Duke of York Square,London,,United Kingdom,Buyside,Desktop/Mobile,1330394128
92920426,162871,Volkswagen: No Idea why slow ID.,10,VOWG.DE{VOWG_p.DE},Automotive,Germany,"Ellinghorst, Arndt A.",83TM      ,1031,07/04/2021 23:06:52,09/06/2021 05:57:51,Keyrock Capital,158347,Jonathan Shih,jonathan.shih@158347,Hedge Fund Portfolio Manager,Portfolio Manager,js@keyrockcap.com,,,,,,124 Sloane Street	,London,,United Kingdom,Buyside,Sentieo,1330395342
93606135,164049,Rolls-Royce: What really is the challenge? Is it fixable?,18,RR.L{RR.L},Aerospace,United Kingdom,"Zhao, George",844T      ,672,08/30/2021 23:07:31,09/06/2021 07:40:09,Berenberg,179463,Ralf Walter,ralf.walter@179463,Hedge Fund Portfolio Manager,Portfolio Manager,ralf.walter@berenberg.com,+49 40 350600,Bockenheimer Landstraße 25,"Frankfurt,",Hessen,Germany,Bockenheimer Landstraße 25,Frankfurt,Hessen,Germany,Buyside,Sentieo,1330406533
87661907,152385,Comment: Reports that WMT officially seeking buyer for Asda,8,WMT.N{WMT.N},Consumer,United States,"Fletcher, Brandon",7DQL      ,770,02/26/2020 15:48:25,09/06/2021 07:41:17,Polygon Global Partners (UK),72370,Guy Maxwell,GMaxwell@72370,Information Professional,,gmaxwell@tetragoninv.com,,4 SLOANE TERRACE,London,Greater London,United Kingdom,10 Duke of York Square,London,,United Kingdom,Buyside,Desktop/Mobile,1330406610
81425410,137332,"U.S. Financial Exchanges: Initiating CME (OP), ICE (OP), CBOE (MP), NDAQ (MP)",77,CBOE.OQ{CBOE.OQ},Financial Services,United States,"Bolu, Christian",7L20      ,821,04/09/2018 20:13:18,09/06/2021 08:11:32,Ardevora Asset Management,135761,Afaf Auf,afaf.auf@135761,Hedge Fund Portfolio Manager,Portfolio Manager,a.auf@ardevora.com,+44 20 7842 0630,6 New Bridge Street,"London,",England,United Kingdom,130 Fleet Street,London,,United Kingdom,Buyside,Sentieo,1330410069
93682725,164108,Macau weekly: MTD GGR +74% vs. Aug'21 average and -66% vs. Sep'19; Guangdong-Macau set to further integrate in Hengqin,14,MLCO.O{MPEy.F},Consumer,Cayman Islands,"Umansky, Vitaly",72YA      ,649,09/06/2021 08:03:24,09/06/2021 08:29:17,Blackrock Scientific Active Equity,2996,BlackRock SAE,blackrock.sae@2996,Equity Research Analyst,Equities,blackrock.sae@blackrock.com,,45 Fremont Street,San Francisco,CA,United States,45 Fremont Street,San Francisco,CA,United States,Buyside,API,1330412048
81425410,137332,"U.S. Financial Exchanges: Initiating CME (OP), ICE (OP), CBOE (MP), NDAQ (MP)",77,CBOE.OQ{CBOE.OQ},Financial Services,United States,"Bolu, Christian",7L20      ,821,04/09/2018 20:13:18,09/06/2021 09:06:05,Ardevora Asset Management,135761,Afaf Auf,afaf.auf@135761,Hedge Fund Portfolio Manager,Portfolio Manager,a.auf@ardevora.com,+44 20 7842 0630,6 New Bridge Street,"London,",England,United Kingdom,130 Fleet Street,London,,United Kingdom,Buyside,Sentieo,1330416664
92299316,161901,Inflation and the Shape of Portfolios,162,,,United States,"Fraser-Jenkins, Inigo",7756      ,729,05/06/2021 23:09:57,09/06/2021 09:06:41,Ardevora Asset Management,135761,Afaf Auf,afaf.auf@135761,Hedge Fund Portfolio Manager,Portfolio Manager,a.auf@ardevora.com,+44 20 7842 0630,6 New Bridge Street,"London,",England,United Kingdom,130 Fleet Street,London,,United Kingdom,Buyside,Sentieo,1330416722
90915907,159142,Fund Management Strategy: Tokenisation of real assets - the blockchain in asset allocation,16,,,United States,"Fraser-Jenkins, Inigo",7756      ,729,02/12/2021 22:01:40,09/06/2021 09:07:16,Ardevora Asset Management,135761,Afaf Auf,afaf.auf@135761,Hedge Fund Portfolio Manager,Portfolio Manager,a.auf@ardevora.com,+44 20 7842 0630,6 New Bridge Street,"London,",England,United Kingdom,130 Fleet Street,London,,United Kingdom,Buyside,Sentieo,1330416775
93437720,163790,Cloud in the Quarter: How did the hyperscale clouds do in Q2 2021?,20,AMZN.O{AMZN.OQ},Consumer,Cayman Islands,"Moerdler PHD, Mark L.",68PO      ,506,08/13/2021 12:23:23,09/06/2021 09:41:45,Smith & Williamson Investment Management,31293,Laura Longley,laura.longley@31293,Wealth Manager,Investment,laura.longley@smithandwilliamson.com,,25 Moorgate,London,,United Kingdom,25 Moorgate,London,--,United Kingdom,Buyside,Desktop/Mobile,1330420452
93330744,163599,Bernstein Summer Reading Greenbook — 2021,528,MAR.O{MAR.OQ},Advertising,Australia,"Parker, Michael W.",4UYP      ,342,08/05/2021 06:51:23,09/06/2021 10:28:01,Edinburgh Partners,24348,Takuya Orime,torime@24348,Fund Administrator,Fund,torime@edpam.com,,27-31 Melville Street,Edinburgh,,United Kingdom,7-11 Melville Street,Edinburgh,,United Kingdom,Buyside,Desktop/Mobile,1330425158
91870730,161101,European Integrated Energy: Fossil fuel sunset…A long term oil price forecast needs a long term stock valuation,23,BP.N{BP.L},Energy,France,"Clint PHD, Oswald C.",4DQV      ,301,04/05/2021 23:09:52,09/06/2021 10:36:30,Edinburgh Partners,24348,Takuya Orime,torime@24348,Fund Administrator,Fund,torime@edpam.com,,27-31 Melville Street,Edinburgh,,United Kingdom,7-11 Melville Street,Edinburgh,,United Kingdom,Buyside,Desktop/Mobile,1330425787
90004656,157461,Asian Fuel Cells: The economics of hydrogen fuel cell vehicles - a primer,28,688339.SZ,Electrical,Canada,"Beveridge PHD, Neil",4GWO      ,431,10/13/2020 06:41:14,09/06/2021 10:56:30,E. Ohman J:or Fonder AB,154551,Ylwa Haggstrom,ylwa.haggstrom2@154551,Equity Portfolio Manager,-,ylwa.haggstrom@ohman.se,+4684075851,Mäster Samuelsgatan 6 PO Box 7837,Stockholm,-,Sweden,Mäster Samuelsgatan 6 PO Box 7837,Stockholm,-,Sweden,Buyside,Desktop/Mobile,1330427232
90180610,157824,Climate Change Scenarios: Sector Implications of a Net Zero World,614,EONGn.DE{EONGn.DE},Aerospace,Belgium,"Parker, Michael W.",4UYP      ,342,10/28/2020 07:30:32,09/06/2021 10:56:31,E. Ohman J:or Fonder AB,154551,Ylwa Haggstrom,ylwa.haggstrom2@154551,Equity Portfolio Manager,-,ylwa.haggstrom@ohman.se,+4684075851,Mäster Samuelsgatan 6 PO Box 7837,Stockholm,-,Sweden,Mäster Samuelsgatan 6 PO Box 7837,Stockholm,-,Sweden,Buyside,Desktop/Mobile,1330427247
91615942,160643,Global Fuel Cells: How close are we to the tipping point for hydrogen trucks?,24,688339.SZ,Electrical,Canada,"Beveridge PHD, Neil",4GWO      ,431,03/24/2021 13:18:07,09/06/2021 10:56:31,E. Ohman J:or Fonder AB,154551,Ylwa Haggstrom,ylwa.haggstrom2@154551,Equity Portfolio Manager,-,ylwa.haggstrom@ohman.se,+4684075851,Mäster Samuelsgatan 6 PO Box 7837,Stockholm,-,Sweden,Mäster Samuelsgatan 6 PO Box 7837,Stockholm,-,Sweden,Buyside,Desktop/Mobile,1330427240
90069150,157585,"Bernstein Hydrogen: Making money in fuel cells - lessons from solar, wind and batteries",29,688339.SZ,Electrical,Canada,"Beveridge PHD, Neil",4GWO      ,431,10/19/2020 06:45:02,09/06/2021 10:56:32,E. Ohman J:or Fonder AB,154551,Ylwa Haggstrom,ylwa.haggstrom2@154551,Equity Portfolio Manager,-,ylwa.haggstrom@ohman.se,+4684075851,Mäster Samuelsgatan 6 PO Box 7837,Stockholm,-,Sweden,Mäster Samuelsgatan 6 PO Box 7837,Stockholm,-,Sweden,Buyside,Desktop/Mobile,1330427241
93675164,164107,CD Projekt Q2 2021: A provisional blip,22,CDR.WA{CDR.WA},Info. Tech./Software,Poland,"Littunen, Matti",82IG      ,1023,09/05/2021 23:08:29,09/06/2021 11:06:38,Smith & Williamson Investment Management,31293,Henry OHare,henry.ohare@31293,Wealth Manager,Investment,harry.o'hare@smithandwilliamson.com,0,25 Moorgate,London,,United Kingdom,25 Moorgate,London,--,United Kingdom,Buyside,Desktop/Mobile,1330427903
93337659,163617,Quick take: MGM Q2'21 strong result in Vegas and Regionals while Macau treads water; Improving trends in Sports/iGaming,14,2282.HK{2282.HK},Consumer,Cayman Islands,"Umansky, Vitaly",72YA      ,649,08/05/2021 04:28:23,09/06/2021 11:53:55,Samlyn Capital,73045,Samantha Myers,smyers1@73045,,,smyers@samlyncapital.com,+12128480539,"500 Park Ave, 2nd Fl",New York,New York,United States,500 Park Avenue 2nd Floor,New York,NY,United States,Buyside,Desktop/Mobile,1330431592
93627530,164063,UK Food Retail: Who will buy? Private equity goes grocery shopping,14,TSCO.L{TSCO.L},Consumer,France,"Woods, William",8AH7      ,1057,08/31/2021 23:09:31,09/06/2021 13:18:54,Polygon Global Partners (UK),72370,Guy Maxwell,GMaxwell@72370,Information Professional,,gmaxwell@tetragoninv.com,,4 SLOANE TERRACE,London,Greater London,United Kingdom,10 Duke of York Square,London,,United Kingdom,Buyside,Desktop/Mobile,1330440070
90915907,159142,Fund Management Strategy: Tokenisation of real assets - the blockchain in asset allocation,16,,,United States,"Fraser-Jenkins, Inigo",7756      ,729,02/12/2021 22:01:40,09/06/2021 13:52:48,Ardevora Asset Management,135761,Afaf Auf,afaf.auf@135761,Hedge Fund Portfolio Manager,Portfolio Manager,a.auf@ardevora.com,+44 20 7842 0630,6 New Bridge Street,"London,",England,United Kingdom,130 Fleet Street,London,,United Kingdom,Buyside,Sentieo,1330444948
93177968,163266,Axis Bank Q1FY22: 4 Bern-bites and a model update,10,AXBK.NS{AXBK.NS},Banks,India,"Chhugani, Gautam",7CKR      ,767,07/26/2021 18:59:02,09/06/2021 14:08:41,Morgan Stanley Investment Management - China,123059,Anil Agarwal,anil.agarwal@123059,Equity Research Analyst,Equity Buy Side,anil.agarwal@morganstanley.com,852 2848-5842,"Level 46, ICC, 1 Austin Road",West Kowloon,Hong Kong,Hong Kong,"Level 46, ICC, 1 Austin Road, West Kowloon",Hong Kong,,Hong Kong,Buyside,AlphaSense,1330446203
93675162,164106,European Chemicals: Machine Head vs. Chemical Brothers - How do returns from plastic recycling technologies vary?,22,EVKn.DE{EVKn.DE},Beverages & Tobacco,Germany,"Zechmann PHD, Gunther",7BNO      ,761,09/06/2021 14:41:14,09/06/2021 14:45:10,Blackrock Scientific Active Equity,2996,BlackRock SAE,blackrock.sae@2996,Equity Research Analyst,Equities,blackrock.sae@blackrock.com,,45 Fremont Street,San Francisco,CA,United States,45 Fremont Street,San Francisco,CA,United States,Buyside,API,1330448884
93333001,163603,Wolters Kluwer H12021: A slow but steady snowball,18,WLSNc.AS{WLSNc.AS},Manufacturing,Netherlands,"Littunen, Matti",82IG      ,1023,08/04/2021 23:10:22,09/06/2021 14:45:29,Wolters Kluwer N.V. United Kingdom,161978,Jonathan Higginson,Jonathan.Higginson@161978,Investor Relations Professional,Investor Relations Employee at a publicly traded/pre-IPO firm,Jonathan.Higginson@wolterskluwer.com,+44 7527507010,Zuidpoolsingel 2,Alphen aan de Rijn,,United Kingdom,Zuidpoolsingel 2,Alphen aan de Rijn,,United Kingdom,Corporate,NASDAQ,1330448898
93627530,164063,UK Food Retail: Who will buy? Private equity goes grocery shopping,14,TSCO.L{TSCO.L},Consumer,France,"Woods, William",8AH7      ,1057,08/31/2021 23:09:31,09/06/2021 14:59:27,Polygon Global Partners (UK),72370,Guy Maxwell,GMaxwell@72370,Information Professional,,gmaxwell@tetragoninv.com,,4 SLOANE TERRACE,London,Greater London,United Kingdom,10 Duke of York Square,London,,United Kingdom,Buyside,Desktop/Mobile,1330450212
93466826,163817,ConvaTec: What does the downgraded 2021 EBITA margin guidance imply for mid-term earnings? Reiterate Underperform,14,CTEC.L{CTEC.L},Healthcare,United Kingdom,"Clive, Lisa Bedell",4GPL      ,344,08/15/2021 23:08:31,09/06/2021 15:12:17,Ruffer LLP,27381,Alex Grispos,agrispos1@27381,Fund Administrator,,agrispos@ruffer.co.uk,+442079638102,80 Victoria Street,London,Greater London,United Kingdom,12 Upper Grosvenor Street,London,,United Kingdom,Buyside,Desktop/Mobile,1330452596
92405026,162086,"Commercial Aircraft: ESG in Action… Improvers and Enablers - Environmental improvement; A long path, but true improvement",31,AIR.PA{AIR.PA},Aerospace,France,"Harned, Douglas S.",3JKI      ,275,05/14/2021 06:27:15,09/06/2021 15:17:35,"Nan Shan Life Insurance Co., Ltd.",38874,Martin Chan,Martin-YC.Chan@38874,Equity Research Analyst,Investment,Martin-YC.Chan@NANSHAN.com.tw,,No.168 Zhuang Jing Road Xinyi District,Taipei,Taipei,Taiwan,"12/F, No.168, Zuang Jing Road,Xinyi District",Taipei,,Taiwan,Buyside,Desktop/Mobile,1330453549
91325137,160063,"Airbus, Boeing: Pick Airbus over Boeing? Yes, but nothing is easy right now",32,AIR.PA{AIR.PA},Aerospace,France,"Harned, Douglas S.",3JKI      ,275,02/12/2021 04:50:23,09/06/2021 15:17:57,"Nan Shan Life Insurance Co., Ltd.",38874,Martin Chan,Martin-YC.Chan@38874,Equity Research Analyst,Investment,Martin-YC.Chan@NANSHAN.com.tw,,No.168 Zhuang Jing Road Xinyi District,Taipei,Taipei,Taiwan,"12/F, No.168, Zuang Jing Road,Xinyi District",Taipei,,Taiwan,Buyside,Desktop/Mobile,1330453610
90772438,159013,"Commercial Aircraft: Ghosts of Travel Past, Present, and Future",244,AIR.PA{AIR.PA},Aerospace,China,"Harned, Douglas S.",3JKI      ,275,12/22/2020 09:46:55,09/06/2021 15:18:11,"Nan Shan Life Insurance Co., Ltd.",38874,Martin Chan,Martin-YC.Chan@38874,Equity Research Analyst,Investment,Martin-YC.Chan@NANSHAN.com.tw,,No.168 Zhuang Jing Road Xinyi District,Taipei,Taipei,Taiwan,"12/F, No.168, Zuang Jing Road,Xinyi District",Taipei,,Taiwan,Buyside,Desktop/Mobile,1330453671
82049518,138854,Aerospace & Defense: Themes from Bernstein's Strategic Decisions Conference - CEO perspectives,17,GD.N{GD.N},Aerospace,United States,"Harned, Douglas S.",3JKI      ,275,06/06/2018 02:54:34,09/06/2021 15:56:36,Attestor Capital,161099,Xavier Danaux,xavier.danaux@161099,Equity Research Analyst,Equity Buy Side,xavier.danaux@attestorcapital.com,44 20 7074 9610,"7 Seymour Street,",London,,United Kingdom,"Fourth Floor, 7 Seymour Street	",London,,United Kingdom,Buyside,AlphaSense,1330469223
81693730,137979,Quick Take: Boeing to acquire the Aerospace Solutions Group of KLX for $4.25 bn - A strategic fit for Boeing Global Services,6,BA.N{BA.N},Aerospace,United States,"Harned, Douglas S.",3JKI      ,275,05/01/2018 13:41:50,09/06/2021 15:57:48,Attestor Capital,161099,Xavier Danaux,xavier.danaux@161099,Equity Research Analyst,Equity Buy Side,xavier.danaux@attestorcapital.com,44 20 7074 9610,"7 Seymour Street,",London,,United Kingdom,"Fourth Floor, 7 Seymour Street	",London,,United Kingdom,Buyside,AlphaSense,1330469770
93610730,164054,"US Biopharma: The five-year outlook for the immunology market - innovation, formularies, biosimilars, and pricing",40,ABBV.N{ABBV.N},Biotechnology,United States,"Gal PHD, Ronny",3T51      ,309,08/31/2021 03:51:38,09/06/2021 16:01:54,Crosby Advisors,80175,Bob Park,bpark@80175,Equity Portfolio Manager Who Trades,,bpark@crosbyadvisors.com,+16036814300,11 Keewaydin Dr Ste 200,Salem,New Hampshire,United States,82 Devonshire Street,Boston,MA,United States,Buyside,Desktop/Mobile,1330470782
93594957,164029,Biopharma Wkly (08/30/21): DC news flow starting; don't wear your mask; discarded drugs rebate; Rinvoq TRx higher,13,BIIB.O{BIIB.OQ},Biotechnology,Ireland,"Gal PHD, Ronny",3T51      ,309,08/30/2021 03:51:13,09/06/2021 16:01:59,Crosby Advisors,80175,Bob Park,bpark@80175,Equity Portfolio Manager Who Trades,,bpark@crosbyadvisors.com,+16036814300,11 Keewaydin Dr Ste 200,Salem,New Hampshire,United States,82 Devonshire Street,Boston,MA,United States,Buyside,Desktop/Mobile,1330470788
93647346,164075,"AbbVie, Bristol, Pfizer: FDA responses to JAK inhibitor safety on the sharper side; we reduce Rinvoq estimates, AbbVie price target",11,ABBV.N{ABBV.N},Biotechnology,United States,"Gal PHD, Ronny",3T51      ,309,09/01/2021 16:52:43,09/06/2021 16:03:13,Crosby Advisors,80175,Bob Park,bpark@80175,Equity Portfolio Manager Who Trades,,bpark@crosbyadvisors.com,+16036814300,11 Keewaydin Dr Ste 200,Salem,New Hampshire,United States,82 Devonshire Street,Boston,MA,United States,Buyside,Desktop/Mobile,1330472486
93512715,163904,China Grocery: Can front distribution centers (FDCs) be profitable - Missfresh and Dingdong?,23,6808.HK{6808.HK},Consumer,Cayman Islands,"Hu, Melinda",7SX7      ,850,08/19/2021 20:36:52,09/06/2021 16:41:03,Morgan Stanley Investment Management - China,123059,Jeremy Wu,jeremy.wu@123059,Equity Research Analyst,Equity Buy Side,jeremy.wu2@morganstanley.com,852 2239-1130,"Level 46, ICC, 1 Austin Road",West Kowloon,,Hong Kong,"Level 46, ICC, 1 Austin Road, West Kowloon",Hong Kong,,Hong Kong,Buyside,AlphaSense,1330489051
93484170,163848,U.S. Natural Gas: The best Canada AECO pricing in 5 years...what could go wrong?,15,LNG{LNG.A},Energy,Canada,"Salisbury, Jean Ann",7A05      ,633,08/17/2021 10:44:46,09/06/2021 16:57:48,UBS Global Asset Management,74411,Frank Kelly,frank.kelly1@74411,Equity Research Analyst,Equity Buy Side,frank.kelly@ubs.com,212-649-7597,,,,,51 W 52ND ST,NEW YORK,NY,United States,Buyside,AlphaSense,1330495336
93512715,163904,China Grocery: Can front distribution centers (FDCs) be profitable - Missfresh and Dingdong?,23,6808.HK{6808.HK},Consumer,Cayman Islands,"Hu, Melinda",7SX7      ,850,08/19/2021 20:36:52,09/06/2021 17:09:49,Morgan Stanley Investment Management - China,123059,Jeremy Wu,jeremy.wu@123059,Equity Research Analyst,Equity Buy Side,jeremy.wu2@morganstanley.com,852 2239-1130,"Level 46, ICC, 1 Austin Road",West Kowloon,,Hong Kong,"Level 46, ICC, 1 Austin Road, West Kowloon",Hong Kong,,Hong Kong,Buyside,AlphaSense,1330500325
93315099,163564,Global Energy Storage: Primer on China's EV battery supply chain,37,300750.SZ{300750.SZ},Chemicals,China,"Beveridge PHD, Neil",4GWO      ,431,08/03/2021 20:36:37,09/06/2021 17:52:50,RBC Global Asset Management,154994,Yi Shi,yi.shi@154994,Hedge Fund Portfolio Manager,Portfolio Manager,yi.shi@rbc.com,+1 416-974-0616,155 Wellington St. West,Toronto,Quebec,Canada,"155 Wellington St, W 22nd Fl	","Toronto, Ontario	",Ontario	,Canada,Buyside,Sentieo,1330515185
93407756,163745,US Biopharma: Sector outlook for 3Q21; who's hot and who's not for the next 3 months,9,BIIB.O{BIIB.OQ},Biotechnology,Ireland,"Gal PHD, Ronny",3T51      ,309,08/11/2021 03:51:10,09/06/2021 20:31:53,Woodline Partners,161071,Brian Schmidt,brian.schmidt2@161071,Equity Research Analyst,Equity Buy Side,brian@woodlinepartners.com,(914) 262-9348,"4 Embarcadero Center, Suite 3450,",San Francisco,CA,United States,"4 Embarcadero Center, Suite 3450	",San Francisco,CA,United States,Buyside,AlphaSense,1330529923
93382112,163697,"Biopharma Wkly (08/09/21): Lambda not scary, C19 vaccine pricing, refining Abeta targeting; GILD to win Yescarta appeal",11,BIIB.O{BIIB.OQ},Biotechnology,Ireland,"Gal PHD, Ronny",3T51      ,309,08/09/2021 04:04:47,09/06/2021 20:32:04,Woodline Partners,161071,Brian Schmidt,brian.schmidt2@161071,Equity Research Analyst,Equity Buy Side,brian@woodlinepartners.com,(914) 262-9348,"4 Embarcadero Center, Suite 3450,",San Francisco,CA,United States,"4 Embarcadero Center, Suite 3450	",San Francisco,CA,United States,Buyside,AlphaSense,1330529931
93694183,164117,"Global Semiconductors: Jul 2021 WSTS Tracker - Sales fell -4.4% MoM, better than typical (-7% MoM), up 31.4% YoY",19,ADI.N{ADI.OQ},Info. Tech./Computers,Cayman Islands,"Rasgon PHD, Stacy A.",4GJR      ,433,09/06/2021 21:00:23,09/06/2021 21:43:30,Blackrock Scientific Active Equity,2996,BlackRock SAE,blackrock.sae@2996,Equity Research Analyst,Equities,blackrock.sae@blackrock.com,,45 Fremont Street,San Francisco,CA,United States,45 Fremont Street,San Francisco,CA,United States,Buyside,API,1330534394
93694183,164117,"Global Semiconductors: Jul 2021 WSTS Tracker - Sales fell -4.4% MoM, better than typical (-7% MoM), up 31.4% YoY",19,ADI.N{ADI.OQ},Info. Tech./Computers,Cayman Islands,"Rasgon PHD, Stacy A.",4GJR      ,433,09/06/2021 21:00:23,09/06/2021 21:43:30,Sender Company & Partners,131371,Alex Kubicz,alex.kubicz1@131371,Hedge Fund Trader,,alex.kubicz@sendercompany.com,+12128999914,"401 Broadway, Suite 309",New York,New York,United States,"379 West Broadway,Suite 338",New York,NY,United States,Buyside,Desktop/Mobile,1330534396
93694178,164116,Grab Holdings Pre IPO: Inching closer to an IPO - takeaways from the F-4 filing,27,SE{SE.N},Info. Tech./Software,Cayman Islands,"Garre, Venugopal",7AKV      ,759,09/06/2021 20:45:39,09/06/2021 21:43:49,Blackrock Scientific Active Equity,2996,BlackRock SAE,blackrock.sae@2996,Equity Research Analyst,Equities,blackrock.sae@blackrock.com,,45 Fremont Street,San Francisco,CA,United States,45 Fremont Street,San Francisco,CA,United States,Buyside,API,1330534423
93694177,164114,APAC Brewers: Asahi and China's brewers best positioned to pass on raw materials cost inflation,27,1876.HK{1876.HK},Beverages & Tobacco,Cayman Islands,"McLeish, Euan",7BH2      ,756,09/06/2021 20:43:56,09/06/2021 21:43:53,Blackrock Scientific Active Equity,2996,BlackRock SAE,blackrock.sae@2996,Equity Research Analyst,Equities,blackrock.sae@blackrock.com,,45 Fremont Street,San Francisco,CA,United States,45 Fremont Street,San Francisco,CA,United States,Buyside,API,1330534428
93694176,164113,India Healthcare: The coming of age of India Health Tech - an industry primer,38,ABOT.NS{ABOT.NS},Biotechnology,India,"Balasubramanian, Nithya",82S3      ,1025,09/07/2021 15:33:28,09/06/2021 21:43:56,Blackrock Scientific Active Equity,2996,BlackRock SAE,blackrock.sae@2996,Equity Research Analyst,Equities,blackrock.sae@blackrock.com,,45 Fremont Street,San Francisco,CA,United States,45 Fremont Street,San Francisco,CA,United States,Buyside,API,1330534461
93694173,164111,"China Logistics: The debate on JD Logistics and SF Express, which to invest in?",33,002352.SZ{002352.SZ},Air Transportation,China,"Leung, Cherry",7LHU      ,823,09/06/2021 20:39:44,09/06/2021 21:44:10,Blackrock Scientific Active Equity,2996,BlackRock SAE,blackrock.sae@2996,Equity Research Analyst,Equities,blackrock.sae@blackrock.com,,45 Fremont Street,San Francisco,CA,United States,45 Fremont Street,San Francisco,CA,United States,Buyside,API,1330534480
93694171,164112,Can I Buy You a Drink?,104,STZ.N{STZ.N},Beverages & Tobacco,Belgium,"Sarwat, Nadine",8BCG      ,777,09/06/2021 20:36:53,09/06/2021 21:44:24,Blackrock Scientific Active Equity,2996,BlackRock SAE,blackrock.sae@2996,Equity Research Analyst,Equities,blackrock.sae@blackrock.com,,45 Fremont Street,San Francisco,CA,United States,45 Fremont Street,San Francisco,CA,United States,Buyside,API,1330534501
93511640,163903,Asia Quantitative Strategy: Understanding the risk-reward for Asian markets and sectors,17,,,Australia,"Agarwal, Rupal",7USP      ,987,08/19/2021 19:06:16,09/06/2021 21:44:46,Alliance Bernstein Lp,81180,Kai Zhang,kai.zhang@81180,Equity Research Analyst,Equity Buy Side,Kai.Zhang@alliancebernstein.com,212-969-1000,1345 Ave. of the Americas32nd Floor,New York,NY,United States,1345 AVENUE OF THE AMERICAS,NEW YORK,New York,United States,Buyside,AlphaSense,1330534532
93694194,164118,Cochlear: FY 21/22 guidance suggests the recovery will take longer but fundamental opportunity in underpenetrated market remains,13,COH.AX{COH.AX},Healthcare,Australia,"Clive, Lisa Bedell",4GPL      ,344,09/06/2021 21:06:41,09/06/2021 22:10:12,Blackrock Scientific Active Equity,2996,BlackRock SAE,blackrock.sae@2996,Equity Research Analyst,Equities,blackrock.sae@blackrock.com,,45 Fremont Street,San Francisco,CA,United States,45 Fremont Street,San Francisco,CA,United States,Buyside,API,1330537405
93694183,164117,"Global Semiconductors: Jul 2021 WSTS Tracker - Sales fell -4.4% MoM, better than typical (-7% MoM), up 31.4% YoY",19,ADI.N{ADI.OQ},Info. Tech./Computers,Cayman Islands,"Rasgon PHD, Stacy A.",4GJR      ,433,09/06/2021 21:00:23,09/06/2021 22:44:21,Cathay Securities Investment Trust,25290,Jerry Wu,jerrywu2@25290,,,jerrywu@cathaysite.com.tw,+886 2 27008399 x3816,"6F, 39, Sec. 2, Tun Hwa S. Road,",Taipei,Taiwan,Taiwan,"Cathay SEcurities Investment T,18F, No. 296, Jen-Ai Road, Sec",Taipei,,Taiwan,Buyside,Desktop/Mobile,1330541650
93663302,164100,HPE: Q3 21 Debrief - Not great... but some positives afoot... and increasingly inexpensive,13,HPE.N{HPE.N},Info. Tech./Computers,United States,"Sacconaghi Jr., Toni A.",262S      ,136,09/03/2021 04:54:44,09/06/2021 22:44:48,Magellan Asset Management Pty Ltd,106676,Michael Poulsen,michael.poulsen@106676,Hedge Fund Portfolio Manager,Porfolio Manager,michael.poulsen@magellangroup.com.au,+61 07 3218 2190,,,,,L 1 1 Castlereagh St,Sydney,,Australia,Buyside,Sentieo,1330541714
93564778,163987,Hewlett-Packard Enterprise (HPE): FQ3 21 Preview - A positive set-up...,16,HPE.N{HPE.N},Info. Tech./Computers,United States,"Sacconaghi Jr., Toni A.",262S      ,136,08/26/2021 03:15:56,09/06/2021 22:44:51,Magellan Asset Management Pty Ltd,106676,Michael Poulsen,michael.poulsen@106676,Hedge Fund Portfolio Manager,Porfolio Manager,michael.poulsen@magellangroup.com.au,+61 07 3218 2190,,,,,L 1 1 Castlereagh St,Sydney,,Australia,Buyside,Sentieo,1330541723
93405154,163737,"Asian Semis, QCOM - China Smartphone Tracker (Jul): Normalizing to a healthy level",20,QCOM.OQ{QCOM.OQ},Info. Tech./Computers,Taiwan,"Li, Mark",68CP      ,488,08/10/2021 22:35:37,09/06/2021 22:45:29,FIL Investment Management (China),87035,Daniel Ma,daniel.ma.eff@87035,Equity Research Analyst,Equities,Daniel.Ma@fil.com,+86 411 3971 6244,,,,,"No 21 Software Park Road,Unit 601, No 12 Building,East",DaLian,,China,Buyside,API,1330541806
93405154,163737,"Asian Semis, QCOM - China Smartphone Tracker (Jul): Normalizing to a healthy level",20,QCOM.OQ{QCOM.OQ},Info. Tech./Computers,Taiwan,"Li, Mark",68CP      ,488,08/10/2021 22:35:37,09/06/2021 23:01:12,FIL Investment Management (China),87035,Daniel Ma,daniel.ma.eff@87035,Equity Research Analyst,Equities,Daniel.Ma@fil.com,+86 411 3971 6244,,,,,"No 21 Software Park Road,Unit 601, No 12 Building,East",DaLian,,China,Buyside,API,1330543707
93682725,164108,Macau weekly: MTD GGR +74% vs. Aug'21 average and -66% vs. Sep'19; Guangdong-Macau set to further integrate in Hengqin,14,MLCO.O{MPEy.F},Consumer,Cayman Islands,"Umansky, Vitaly",72YA      ,649,09/06/2021 08:03:24,09/06/2021 23:01:28,Sender Company & Partners,131371,Alex Kubicz,alex.kubicz1@131371,Hedge Fund Trader,,alex.kubicz@sendercompany.com,+12128999914,"401 Broadway, Suite 309",New York,New York,United States,"379 West Broadway,Suite 338",New York,NY,United States,Buyside,Desktop/Mobile,1330543743
93417410,163756,Quick Take: Visa - Amazon Singapore credit card surcharge; a Wal-Mart/Kroger déjà vu?,9,MA.N{MA.N},Info. Tech./Computers,United States,"Rawat, Harshita",7KVH      ,625,08/11/2021 16:14:17,09/06/2021 23:03:47,Shanda Group Pte Ltd,120880,Cathy Ge,cathy@120880,Buy-side Director of Research,Public Market investment,cathy.ge@shanda.com,+16563610063,"391B Orchard Road 16-05 Ngee Ann City,Tower B,",Singapore,,Singapore,8 Stevens Road,Singapore,,Singapore,Buyside,Desktop/Mobile,1330544030
93261590,163490,Mastercard 2q21: Preparing for the return of travel,15,MA.N{MA.N},Info. Tech./Computers,United States,"Rawat, Harshita",7KVH      ,625,07/30/2021 11:35:51,09/06/2021 23:10:18,Shanda Group Pte Ltd,120880,Cathy Ge,cathy@120880,Buy-side Director of Research,Public Market investment,cathy.ge@shanda.com,+16563610063,"391B Orchard Road 16-05 Ngee Ann City,Tower B,",Singapore,,Singapore,8 Stevens Road,Singapore,,Singapore,Buyside,Desktop/Mobile,1330544792
93694370,164121,European Chemicals: Adding value in plastic recycling - A closer look at additives for mechanical recycling,12,EVKn.DE{EVKn.DE},Chemicals,Germany,"Zechmann PHD, Gunther",7BNO      ,761,09/06/2021 23:08:57,09/06/2021 23:10:31,Blackrock Scientific Active Equity,2996,BlackRock SAE,blackrock.sae@2996,Equity Research Analyst,Equities,blackrock.sae@blackrock.com,,45 Fremont Street,San Francisco,CA,United States,45 Fremont Street,San Francisco,CA,United States,Buyside,API,1330544820
93694363,164120,"In Vitro Diagnostics: A deep dive into Molecular IVD - From infectious diseases to liquid biopsy, the opportunities are vast",35,SHLG.DE{SHLG.DE},Healthcare,Germany,"Clive, Lisa Bedell",4GPL      ,344,09/06/2021 23:06:43,09/06/2021 23:11:07,Blackrock Scientific Active Equity,2996,BlackRock SAE,blackrock.sae@2996,Equity Research Analyst,Equities,blackrock.sae@blackrock.com,,45 Fremont Street,San Francisco,CA,United States,45 Fremont Street,San Francisco,CA,United States,Buyside,API,1330544907
93694363,164120,"In Vitro Diagnostics: A deep dive into Molecular IVD - From infectious diseases to liquid biopsy, the opportunities are vast",35,SHLG.DE{SHLG.DE},Healthcare,Germany,"Clive, Lisa Bedell",4GPL      ,344,09/06/2021 23:06:43,09/06/2021 23:12:18,Brown Brothers Harriman - Private Bankers,2848,Ting Zhou,ting.zhou@2848,Hedge Fund Portfolio Manager,Portfolio Manager,ting.zhou@bbh.com,(617) 772-1500,140 Broadway,New York,New York,United States,140 Broadway,New York,NY,United States,Buyside,Sentieo,1330545081
93694390,164125,Global Consumer Goods: Death by consumer irrelevance - a survival guide,56,OREP.PA{OREP.PA},Apparel & Textiles,Belgium,"Monteyne, Bruno",6V89      ,608,09/08/2021 14:37:48,09/06/2021 23:18:50,Blackrock Scientific Active Equity,2996,BlackRock SAE,blackrock.sae@2996,Equity Research Analyst,Equities,blackrock.sae@blackrock.com,,45 Fremont Street,San Francisco,CA,United States,45 Fremont Street,San Francisco,CA,United States,Buyside,API,1330545928
93694386,164124,European Spirits: Who is recovering fastest from COVID?,21,CPR.MI,Beverages & Tobacco,France,"Stirling, Trevor J.",3T76      ,315,09/06/2021 23:12:22,09/06/2021 23:19:03,Blackrock Scientific Active Equity,2996,BlackRock SAE,blackrock.sae@2996,Equity Research Analyst,Equities,blackrock.sae@blackrock.com,,45 Fremont Street,San Francisco,CA,United States,45 Fremont Street,San Francisco,CA,United States,Buyside,API,1330545956
93694378,164122,Sanofi: Fatigued and the race is just starting - Thesis review,35,SASY.PA{SASY.PA},Healthcare,France,"Kapadia, Wimal",7HP7      ,654,09/07/2021 06:15:31,09/06/2021 23:19:41,Blackrock Scientific Active Equity,2996,BlackRock SAE,blackrock.sae@2996,Equity Research Analyst,Equities,blackrock.sae@blackrock.com,,45 Fremont Street,San Francisco,CA,United States,45 Fremont Street,San Francisco,CA,United States,Buyside,API,1330546025
93694404,164129,Global Travel: Is the hotel recovery facing a September cliff edge?,13,IHG.L{IHG.L},Consumer,France,"Clarke, Richard J.",7EW2      ,626,09/06/2021 23:19:35,09/06/2021 23:21:44,Blackrock Scientific Active Equity,2996,BlackRock SAE,blackrock.sae@2996,Equity Research Analyst,Equities,blackrock.sae@blackrock.com,,45 Fremont Street,San Francisco,CA,United States,45 Fremont Street,San Francisco,CA,United States,Buyside,API,1330546260
93694403,164128,"Airbus, Safran, BAE Systems, Rolls-Royce, MTU, Meggitt, Thales: Management question bank (Sept 2021 edition)",10,BAES.L{BAES.L},Aerospace,France,"Zhao, George",844T      ,672,09/10/2021 06:58:54,09/06/2021 23:21:46,Blackrock Scientific Active Equity,2996,BlackRock SAE,blackrock.sae@2996,Equity Research Analyst,Equities,blackrock.sae@blackrock.com,,45 Fremont Street,San Francisco,CA,United States,45 Fremont Street,San Francisco,CA,United States,Buyside,API,1330546266
93694429,164130,"Quick Take: KCS Board determines CP offer could reasonably lead to a ""Superior Proposal"" - putting itself on the clock",17,CNI.N{CNR.TO},Manufacturing,Canada,"Vernon, David",64MH      ,511,09/06/2021 23:37:40,09/06/2021 23:38:21,Blackrock Scientific Active Equity,2996,BlackRock SAE,blackrock.sae@2996,Equity Research Analyst,Equities,blackrock.sae@blackrock.com,,45 Fremont Street,San Francisco,CA,United States,45 Fremont Street,San Francisco,CA,United States,Buyside,API,1330548323
93694404,164129,Global Travel: Is the hotel recovery facing a September cliff edge?,13,IHG.L{IHG.L},Consumer,France,"Clarke, Richard J.",7EW2      ,626,09/06/2021 23:19:35,09/06/2021 23:43:56,Cathay Securities Investment Trust,25290,Jerry Wu,jerrywu2@25290,,,jerrywu@cathaysite.com.tw,+886 2 27008399 x3816,"6F, 39, Sec. 2, Tun Hwa S. Road,",Taipei,Taiwan,Taiwan,"Cathay SEcurities Investment T,18F, No. 296, Jen-Ai Road, Sec",Taipei,,Taiwan,Buyside,Desktop/Mobile,1330549053
93694403,164128,"Airbus, Safran, BAE Systems, Rolls-Royce, MTU, Meggitt, Thales: Management question bank (Sept 2021 edition)",10,BAES.L{BAES.L},Aerospace,France,"Zhao, George",844T      ,672,09/10/2021 06:58:54,09/06/2021 23:44:09,Cathay Securities Investment Trust,25290,Jerry Wu,jerrywu2@25290,,,jerrywu@cathaysite.com.tw,+886 2 27008399 x3816,"6F, 39, Sec. 2, Tun Hwa S. Road,",Taipei,Taiwan,Taiwan,"Cathay SEcurities Investment T,18F, No. 296, Jen-Ai Road, Sec",Taipei,,Taiwan,Buyside,Desktop/Mobile,1330549080
93694183,164117,"Global Semiconductors: Jul 2021 WSTS Tracker - Sales fell -4.4% MoM, better than typical (-7% MoM), up 31.4% YoY",19,ADI.N{ADI.OQ},Info. Tech./Computers,Cayman Islands,"Rasgon PHD, Stacy A.",4GJR      ,433,09/06/2021 21:00:23,09/06/2021 23:44:21,Cathay Securities Investment Trust,25290,Jerry Wu,jerrywu2@25290,,,jerrywu@cathaysite.com.tw,+886 2 27008399 x3816,"6F, 39, Sec. 2, Tun Hwa S. Road,",Taipei,Taiwan,Taiwan,"Cathay SEcurities Investment T,18F, No. 296, Jen-Ai Road, Sec",Taipei,,Taiwan,Buyside,Desktop/Mobile,1330549109
91630615,160694,TSLA: How big are Tesla's addressable auto markets? 20 PowerPoint reference charts for investors,33,TSLA.O{TSLA.OQ},Automotive,United States,"Sacconaghi Jr., Toni A.",262S      ,136,03/11/2021 08:01:06,09/06/2021 23:53:16,Point72 Asset Management (formerly S.A.C. Capital Advisors),3163,Colin Fechter,colin.fechter1@3163,Equity Research Analyst,Equity Buy Side,Colin.Fechter@Point72.com,646-569-8604,540 MADISON AVE,NEW YORK,NY,United States,540 Madison Ave.,New York,NY,United States,Buyside,AlphaSense,1330550254
93207810,163350,Visa 3Q21: Positioning for the post-Covid digital world,17,V.N{V.N},Info. Tech./Computers,United States,"Rawat, Harshita",7KVH      ,625,07/28/2021 10:33:45,09/06/2021 23:54:02,Shanda Group Pte Ltd,120880,Cathy Ge,cathy@120880,Buy-side Director of Research,Public Market investment,cathy.ge@shanda.com,+16563610063,"391B Orchard Road 16-05 Ngee Ann City,Tower B,",Singapore,,Singapore,8 Stevens Road,Singapore,,Singapore,Buyside,Desktop/Mobile,1330550354
91630615,160694,TSLA: How big are Tesla's addressable auto markets? 20 PowerPoint reference charts for investors,33,TSLA.O{TSLA.OQ},Automotive,United States,"Sacconaghi Jr., Toni A.",262S      ,136,03/11/2021 08:01:06,09/06/2021 23:55:00,Point72 Asset Management (formerly S.A.C. Capital Advisors),3163,Colin Fechter,colin.fechter1@3163,Equity Research Analyst,Equity Buy Side,Colin.Fechter@Point72.com,646-569-8604,540 MADISON AVE,NEW YORK,NY,United States,540 Madison Ave.,New York,NY,United States,Buyside,AlphaSense,1330550479
91630615,160694,TSLA: How big are Tesla's addressable auto markets? 20 PowerPoint reference charts for investors,33,TSLA.O{TSLA.OQ},Automotive,United States,"Sacconaghi Jr., Toni A.",262S      ,136,03/11/2021 08:01:06,09/06/2021 23:56:41,Point72 Asset Management (formerly S.A.C. Capital Advisors),3163,Colin Fechter,colin.fechter1@3163,Equity Research Analyst,Equity Buy Side,Colin.Fechter@Point72.com,646-569-8604,540 MADISON AVE,NEW YORK,NY,United States,540 Madison Ave.,New York,NY,United States,Buyside,AlphaSense,1330550673
91630615,160694,TSLA: How big are Tesla's addressable auto markets? 20 PowerPoint reference charts for investors,33,TSLA.O{TSLA.OQ},Automotive,United States,"Sacconaghi Jr., Toni A.",262S      ,136,03/11/2021 08:01:06,09/06/2021 23:58:31,Point72 Asset Management (formerly S.A.C. Capital Advisors),3163,Colin Fechter,colin.fechter1@3163,Equity Research Analyst,Equity Buy Side,Colin.Fechter@Point72.com,646-569-8604,540 MADISON AVE,NEW YORK,NY,United States,540 Madison Ave.,New York,NY,United States,Buyside,AlphaSense,1330550913
93663752,164101,Broadcom Inc (AVGO): FQ321 Recap - A good place to be...,21,AVGO.O{AVGO.OQ},Info. Tech./Computers,United States,"Rasgon PHD, Stacy A.",4GJR      ,433,09/03/2021 06:05:02,09/06/2021 23:58:35,Miller Howard Investments,80205,Jack Leslie,Jack@80205,Equity Portfolio Manager,High Dividend Income,Jack@mhinvest.com,+18456799166,10 Dixon Avenue,woodstock,New York,United States,141 Upper Byrdcliffe Road,Woodstock,NY,United States,Buyside,Desktop/Mobile,1330550924
93284993,163508,"RELX H1 2021: Product-driven growth, the kind we like the most",25,REL.L{REL.L},Manufacturing,Netherlands,"Littunen, Matti",82IG      ,1023,08/01/2021 23:04:13,09/06/2021 23:58:41,Magellan Asset Management Pty Ltd,106676,Elisa Di Marco,elisa.dimarco@106676,Hedge Fund Portfolio Manager,Portfolio Manager,elisa.dimarco@magellangroup.com.au,+61 07 3218 2190,,,,,L 1 1 Castlereagh St,Sydney,,Australia,Buyside,Sentieo,1330550935
