"Bernstein Research"
"FactSet Research Connect"
"Readership Statistics from 04-Dec-2021 through 04-Dec-2021"
"Date/time read",Platform,"Reader ID (FactSet)","Reader name",E-mail,Phone,"Parent Firm ID (FactSet)","Parent Firm name","Firm ID (FactSet)","Firm name",Address,City,State,Country,"Doc ID (contributor)","Readership Event ID (FactSet)","Date/time published","Report title"
"04-Dec-2021 03:02","AlphaSense, Inc.",***,***,***,***,***,***,***,***,***,***,***,***,163599,d845308e20b141e3916c0e684faffc88,"04-Aug-2021 13:54","Bernstein Summer Reading Greenbook — 2021"
"04-Dec-2021 03:03","AlphaSense, Inc.",***,***,***,***,***,***,***,***,***,***,***,***,159735,9ccb733ec6ee4a0ea7bf0ae94f31c6c5,"02-Feb-2021 16:10","Macau Gaming: Money and Baccarat"
"04-Dec-2021 03:54",FactSet,***,***,***,***,***,***,***,***,***,***,***,***,164685,C66D63B454DF11ECAD4BA861E70C4A38,"14-Oct-2021 07:06","UNH 3Q21:Solid beat and raise on enrollment growth, stable MLR and strong Optum performance"
"04-Dec-2021 07:35","AlphaSense, Inc.",***,***,***,***,***,***,***,***,***,***,***,***,123010,7e887b6b55b44ec1b3b0eb90a3ef8b43,"04-Jul-2016 16:06","Macau Gaming: Casino Receivables Mostly Insulated from Junket Woes, Rising Provisions Likely Attributed to Direct VIP"
"04-Dec-2021 07:43","AlphaSense, Inc.",***,***,***,***,***,***,***,***,***,***,***,***,123297,295cb905ca4746d6a5b3b992f16a11ee,"18-Jul-2016 08:10","Macau Weekly Update: July tracking -6 to -10% y/y, Mass GGR grew for first time in Q2 2016 since Q2 2014"
"04-Dec-2021 09:29",FactSet,***,***,***,***,***,***,***,***,***,***,***,***,165680,9DD7C6CC550E11EC8DE08093E70C4A38,"26-Nov-2021 00:46","Tencent/Ant: Our thoughts on the WeChat Pay/Alipay commercial payment news"
"04-Dec-2021 09:30",FactSet,***,***,***,***,***,***,***,***,***,***,***,***,165623,B63ED2A0550E11EC9D548093E70C4A38,"22-Nov-2021 16:35","JD/Alibaba: 5 key charts, and further thoughts post earnings"
"04-Dec-2021 09:50",FactSet,***,***,***,***,***,***,***,***,***,***,***,***,165729,8B758AB6551111EC96444F0B5FA409EE,"30-Nov-2021 13:44","Quick Take: AT&T presentation suggests AT&T doesn`t get it or doesn`t care (but wireless stocks don`t look so bad)"
"04-Dec-2021 09:53",FactSet,***,***,***,***,***,***,***,***,***,***,***,***,165698,E3079030551111ECA62750115FA409EE,"28-Nov-2021 23:40","Biopharma Wkly (11/29/21): Omicron - the next two weeks should tell the story; JAKi decline benefits Humira/Orencia; MRK setback"
"04-Dec-2021 09:53",FactSet,***,***,***,***,***,***,***,***,***,***,***,***,165660,FBAA80C0551111ECA62750115FA409EE,"24-Nov-2021 08:35","DLTR: Q3 2021 - Running fast when being chased - stock in the same boat?"
"04-Dec-2021 09:55",FactSet,***,***,***,***,***,***,***,***,***,***,***,***,165638,2900F2AC551211ECAB6A290C5FA409EE,"23-Nov-2021 08:57","Quick Take: DLTR Q3: The worst may be over, the prices will be higher"
"04-Dec-2021 11:28",FactSet,***,***,***,***,***,***,***,***,***,***,***,***,165553,47114848551F11EC952F01DE39E79615,"17-Nov-2021 07:37","PayPal: Under siege - can it defend its turf? Downgrading to Market-Perform"
"04-Dec-2021 11:30",FactSet,***,***,***,***,***,***,***,***,***,***,***,***,165697,723BAD10551F11EC828A01DE39E79615,"28-Nov-2021 23:33","Delhivery Pre IPO: Benchmarking with logistics peers - high growth, asset-light model to help deliver long term value"
"04-Dec-2021 11:34",FactSet,***,***,***,***,***,***,***,***,***,***,***,***,165661,109B7DDC552011EC903512665FA409EE,"24-Nov-2021 10:51","Asian Semis, QCOM - China Smartphone Tracker (Oct): Unusually strong iPhone shipment but more questions"
"04-Dec-2021 12:07",FactSet,***,***,***,***,***,***,***,***,***,***,***,***,165728,B689637C552411ECA1BAEAB39C4D6E05,"30-Nov-2021 11:25","MEMORY TRACKER - Nov 2021: Nov data suggests a deeper price drop in 4QCY21"
"04-Dec-2021 13:01","AlphaSense, Inc.",***,***,***,***,***,***,***,***,***,***,***,***,157271,31287aa2dd004b0290000b623c96ce2d,"30-Sep-2020 16:42","The Bernstein ESG Materiality Matrix"
"04-Dec-2021 13:03",FactSet,***,***,***,***,***,***,***,***,***,***,***,***,165735,71DF4220552C11EC97AEA1B5E70C4A38,"30-Nov-2021 21:06","Vale Investor Day 2021:  Value over volume works in principle and we wait to see it work in action"
"04-Dec-2021 13:07",FactSet,***,***,***,***,***,***,***,***,***,***,***,***,156985,1BC9D520552D11EC9DD0C3BFE70C4A38,"13-Sep-2020 22:25","NVIDIA (NVDA): Arming up..."
"04-Dec-2021 13:39","AlphaSense, Inc.",***,***,***,***,***,***,***,***,***,***,***,***,165645,bb9681aea471408e9f4869ff74c76b44,"23-Nov-2021 16:37","Kuaishou Q3: Upgrading to Outperform - doing the right things, domestic breakeven in sight?"
"04-Dec-2021 14:00",FactSet,***,***,***,***,***,***,***,***,***,***,***,***,165768,819C428C553411EC87EF93BFE70C4A38,"02-Dec-2021 17:04","Ten Shades of Green — An ESG Thematic Primer"
"04-Dec-2021 14:01",FactSet,***,***,***,***,***,***,***,***,***,***,***,***,165776,959B9418553411EC9B63C3BFE70C4A38,"02-Dec-2021 19:14","Industrials & Materials Blast: Blade Recycling... Keeping Turbines Circular"
"04-Dec-2021 14:16",FactSet,***,***,***,***,***,***,***,***,***,***,***,***,161227,A613FB30553611ECB01BB192E70C4A38,"12-Apr-2021 19:07","The Long View: Breaking it down - an overview of the plastic recycling market"
"04-Dec-2021 15:01",FactSet,***,***,***,***,***,***,***,***,***,***,***,***,164821,050C2EA4553D11ECA21FE0B39C4D6E05,"21-Oct-2021 01:42","IBM Q3 21 Debrief: The New IBM... feels like the Old IBM"
"04-Dec-2021 15:04",FactSet,***,***,***,***,***,***,***,***,***,***,***,***,161356,71E8CAAA553D11EC81D2E0B39C4D6E05,"20-Apr-2021 02:39","IBM Q1 Debrief: Some flickers of improvement; Is mid-single digit growth realistic?"
"04-Dec-2021 15:55",FactSet,***,***,***,***,***,***,***,***,***,***,***,***,163132,7D1FB512554411ECB3349AF664D89DF5,"20-Jul-2021 01:43","IBM Q2 21 Debrief: An increased focus on growth... all good?"
"04-Dec-2021 16:10",FactSet,***,***,***,***,***,***,***,***,***,***,***,***,159439,91A3A424554611ECA983E7ACE70C4A38,"22-Jan-2021 03:58","IBM Q4 Debrief: Yikes!"
"04-Dec-2021 16:11",FactSet,***,***,***,***,***,***,***,***,***,***,***,***,164947,BCCAE432554611ECB79CB192E70C4A38,"26-Oct-2021 19:12","DSV: Musical chairs at the top, but the magic formula remains the same"
"04-Dec-2021 16:42",FactSet,***,***,***,***,***,***,***,***,***,***,***,***,165301,14C092FA554B11ECB4939AF664D89DF5,"04-Nov-2021 21:12","CTXS Q321: New CEO inherits a complex transition and is shaking things up. After careful consideration we reiterate a long-term OP"
"04-Dec-2021 16:57",FactSet,***,***,***,***,***,***,***,***,***,***,***,***,165459,351AB560554D11EC98F747D69C4D6E05,"11-Nov-2021 19:13","Grab Holdings Pre IPO: Trends from Q3 and listing timelines"
"04-Dec-2021 17:20",FactSet,***,***,***,***,***,***,***,***,***,***,***,***,165606,5E90E06A555011ECB57047D69C4D6E05,"21-Nov-2021 16:36","Embracer Group: A stronger outlook, with more execution risk"
"04-Dec-2021 17:20",FactSet,***,***,***,***,***,***,***,***,***,***,***,***,164949,68CDF496555011ECB30CF1065FA409EE,"26-Oct-2021 19:37","Embracer Group: A deep dive on the derated diamond in video games"
"04-Dec-2021 18:36",FactSet,***,***,***,***,***,***,***,***,***,***,***,***,165771,11C57F88555B11ECA5CC607A64D89DF5,"02-Dec-2021 18:28","Safran: 5 key takeaways from CMD - not the reset some expected"
"04-Dec-2021 19:38",FactSet,***,***,***,***,***,***,***,***,***,***,***,***,165729,AB29940E556311EC897F77619D4D6E05,"30-Nov-2021 13:44","Quick Take: AT&T presentation suggests AT&T doesn`t get it or doesn`t care (but wireless stocks don`t look so bad)"
"04-Dec-2021 19:39",FactSet,***,***,***,***,***,***,***,***,***,***,***,***,149684,CF3F8150556311ECB0496A2F5FA409EE,"22-Oct-2019 07:14","CHTR: The Right Portfolio for the Times - Internet and the TWC harvest drive margins to unseen heights"
"04-Dec-2021 20:03","AlphaSense, Inc.",***,***,***,***,***,***,***,***,***,***,***,***,164125,faf11313732e438daa24ea299a52e94c,"06-Sep-2021 19:15","Global Consumer Goods: Death by consumer irrelevance - a survival guide"
"04-Dec-2021 22:16","AlphaSense, Inc.",***,***,***,***,***,***,***,***,***,***,***,***,160147,e4665cebcabd4d06bf6919c8dc39dd59,"17-Feb-2021 01:52","Global Metals & Mining: BHP - diversified miners should embrace diversity"
"04-Dec-2021 22:18",FactSet,***,***,***,***,***,***,***,***,***,***,***,***,164365,1412A7F6557A11EC80E46CC29C4D6E05,"22-Sep-2021 16:20","Ocado: key takeaways from our SDC fireside chat with Tim Steiner, founder & CEO"
"04-Dec-2021 23:32",FactSet,***,***,***,***,***,***,***,***,***,***,***,***,165176,6970BA30558411EC967A3ADD5EA409EE,"02-Nov-2021 00:39","TSLA: Auto gross margins - Structural tailwinds afoot, including Model Y"
"04-Dec-2021 23:39",FactSet,***,***,***,***,***,***,***,***,***,***,***,***,165778,4A2428FA558511ECB9D5456B9D4D6E05,"02-Dec-2021 19:51","NVIDIA (NVDA): No one thinks it will close anyway..."
