"Bernstein Research"
"FactSet Research Connect"
"Readership Statistics from 05-Sep-2021 through 05-Sep-2021"
"Date/time read",Platform,"Reader ID (FactSet)","Reader name",E-mail,Phone,"Parent Firm ID (FactSet)","Parent Firm name","Firm ID (FactSet)","Firm name",Address,City,State,Country,"Doc ID (contributor)","Readership Event ID (FactSet)","Date/time published","Report title"
"05-Sep-2021 02:55",FactSet,824929,"Brodkowitz, Ben",ben.brodkowitz@doubleline.com,2136338338,540943,Doubleline,540943,Doubleline,"333 South Grand Ave., 18th Floor  ","Los Angeles",CA,US,160923,43A852000E1611ECB2D004DFE70C4A38,"23-Mar-2021 23:42","AGCO: The path to $13/share of peak earnings"
"05-Sep-2021 02:57",FactSet,824929,"Brodkowitz, Ben",ben.brodkowitz@doubleline.com,2136338338,540943,Doubleline,540943,Doubleline,"333 South Grand Ave., 18th Floor  ","Los Angeles",CA,US,161700,927ECCF60E1611EC8D0EB7A25FA409EE,"29-Apr-2021 20:33","AGCO: This positive earnings revision story is just getting started"
"05-Sep-2021 03:24","AlphaSense, Inc.",876723,"Widjaja, Sugi",sugw@capgroup.com,,1539272,"Capital Group Companies",1539272,"Capital Group Companies","2601 One International Finance Centre, No. 1 Harbour View Street  ","Central Hong Kong",,HK,164046,ddbf5c38ded34221958a315dbca6be1b,"30-Aug-2021 16:38","SEA ltd: Shopee versus MercadoLibre"
"05-Sep-2021 03:26","AlphaSense, Inc.",876723,"Widjaja, Sugi",sugw@capgroup.com,,1539272,"Capital Group Companies",1539272,"Capital Group Companies","2601 One International Finance Centre, No. 1 Harbour View Street  ","Central Hong Kong",,HK,163935,fd3880ae894344c5aaa0b9e1ad61026e,"22-Aug-2021 16:37","SEA ltd: LATAM the next ASEAN for Shopee?"
"05-Sep-2021 03:31",FactSet,624590,"Hua, Chelsea",chelsea.hua@morganstanley.com,39631611,5765,"Morgan Stanley Asset Management",5765,"Morgan Stanley Asset Management","Level 41, International Commerce Centre 1 Austin Road West, Kowloon","Hong Kong",,HK,163905,50DEEA420E1B11EC980BCAFFE70C4A38,"19-Aug-2021 16:39","ZTO: Price war is over. Regulatory trends weigh on quality"
"05-Sep-2021 04:02",FactSet,1216383,"Marghlani, Firas",fmarghlani@pif.gov.sa,118394261,635482,"Public Investment Fund (Investment Management)",635482,"Public Investment Fund (Investment Management)","AlRaidah Digital City, Al-Nakheel P.O.BOX 6847",Riyadh,,SA,,8EEC1CF20E1F11ECBA596C0AE80C4A38,"24-Aug-2020 04:24","Global Fuel Cells: The China Dream. Initiating on Ballard (OP USD22) and Sinohytec (OP CNY205)"
"05-Sep-2021 05:02",FactSet,520713,"Chan, Raymond",raymond.y.chan@tdam.com,56813608,5247,"TD Asset Management",5247,"TD Asset Management","1230 Blackfoot Drive, Suite 300 ",Regina,SK,CA,161201,050DBDAC0E2811ECA239BB56E70C4A38,"11-Apr-2021 15:37","Alibaba: Ali in the Jungle?"
"05-Sep-2021 05:03",FactSet,520713,"Chan, Raymond",raymond.y.chan@tdam.com,56813608,5247,"TD Asset Management",5247,"TD Asset Management","1230 Blackfoot Drive, Suite 300 ",Regina,SK,CA,159736,196C7C7A0E2811EC8EB3B858E70C4A38,"02-Feb-2021 16:36","Alibaba Q3 FY21: Spending to stay ahead"
"05-Sep-2021 05:51",FactSet,981902,"Rouwers, Lieke",lieke.rouwers@lazard.com,2074482189,43,"Lazard Asset Management LLC",43,"Lazard Asset Management LLC","50 Stratton Street  ",London,,GB,164097,D7B53DCE0E2E11ECA1C3EAEC9C4D6E05,"02-Sep-2021 22:13","Commercial Aircraft Recovery: China - An Olympic-size challenge"
"05-Sep-2021 06:15","AlphaSense, Inc.",1124310,"Zagorovskis, Jevgenijs",ezagorovskis@qia.qa,,1836936,"Qatar Investment Authority",1836936,"Qatar Investment Authority","Ooredoo Tower, Diplomatic Street 2nd-9th Floor
West Bay Area",Qatar,,QA,162889,4116bc96c77049658fe81bdb6b469711,"05-Jul-2021 20:32","Global Luxury Goods: The Social Media Momentum Tracker June 2021: Mega-brands dominate East and West"
"05-Sep-2021 07:14","AlphaSense, Inc.",1212984,"Johal, Chet",cjohal@bamfunds.com,,1426555,"Balyasny Asset Management, L.P. (U.S.)",1426555,"Balyasny Asset Management, L.P. (U.S.)","767 Fifth Avenue  ","New York",NY,US,163448,4f917240823f46128179eef4252249ab,"29-Jul-2021 19:09","Sanofi: Post 2Q21 - You clearly need stamina (to get paid)"
"05-Sep-2021 07:17",FactSet,387140,"Bousada, Tye",bousada@edgepointwealth.com,4169635060,720579,"EdgePoint Investment Group",720579,"EdgePoint Investment Group","150 Bloor St. W, # 500  ",Toronto,ON,CA,164067,EB0ADD500E3A11ECBE178B3C9D4D6E05,"01-Sep-2021 00:49","CN, CP:  The Ministry has spoken, the activists have arrived, and change is in the air"
"05-Sep-2021 08:28",FactSet,610200,"Demaecker, Tom",t.demaecker@degroofpetercam.com,022879461,2241,"Bank Degroof Petercam SA/NV",2241,"Bank Degroof Petercam SA/NV","Rue Guimard 18  ",Brussel,,BE,157804,D649FED20E4411EC936659795FA409EE,"27-Oct-2020 03:38","Estun: A consolidator of Chinese robotics; Initiate at Outperform"
"05-Sep-2021 09:59",FactSet,744446,"Hewitt, Harry",harry.hewitt@mondrian.com,2074777074,207207,"Mondrian Investment Partners Limited",207207,"Mondrian Investment Partners Limited","Fifth Floor, 10 Gresham Street ",London,GRLO,GB,163996,7A5586B60E5111ECBB067F795FA409EE,"26-Aug-2021 08:39","LOW vs BBY: A decade long earnings extravaganza and decades out valuation puzzle"
"05-Sep-2021 10:34",FactSet,787584,"Abbott, Joseph",jabbott@johnsoninv.com,51366131001133,6513,"Johnson Investment Counsel",6513,"Johnson Investment Counsel","3777 W. Fork Rd.  ",Cincinnati,OH,US,164095,70977FE40E5611ECBEF454469D4D6E05,"02-Sep-2021 19:14","Coloplast: Slower recovery in chronic care, but long-term outlook still intact"
"05-Sep-2021 10:35",FactSet,787584,"Abbott, Joseph",jabbott@johnsoninv.com,51366131001133,6513,"Johnson Investment Counsel",6513,"Johnson Investment Counsel","3777 W. Fork Rd.  ",Cincinnati,OH,US,163700,75427B7A0E5611EC898454469D4D6E05,"09-Aug-2021 03:22","U.S. Medtech: 2H21 Outlook - Delta Force or Delta Farce?"
"05-Sep-2021 10:35",FactSet,787584,"Abbott, Joseph",jabbott@johnsoninv.com,51366131001133,6513,"Johnson Investment Counsel",6513,"Johnson Investment Counsel","3777 W. Fork Rd.  ",Cincinnati,OH,US,156594,8E2754760E5611ECBC4A723C9D4D6E05,"20-Aug-2020 01:54","U.S. Medical Devices - Sanity-checking consensus revenue numbers; 2H20 setup looks favorable for medtech"
"05-Sep-2021 10:37",FactSet,787584,"Abbott, Joseph",jabbott@johnsoninv.com,51366131001133,6513,"Johnson Investment Counsel",6513,"Johnson Investment Counsel","3777 W. Fork Rd.  ",Cincinnati,OH,US,155017,C678AD480E5611EC911C8B3C9D4D6E05,"12-Jun-2020 07:41","U.S. Medtech - 2H20 Outlook: Our updated framework for recovery"
"05-Sep-2021 10:38",FactSet,103591,"Carter, Charles",charlie.carter@ceredexvalue.com,4076741244,234,"Virtus Investment Partners",234,"Virtus Investment Partners","301 East Pine Street, 500 ",Orlando,FL,US,164065,E1E432C80E5611ECAA707F795FA409EE,"31-Aug-2021 21:27","EV TRACKER - July 2021: Global xEV sales up 101% YoY. Record sales in China and North America"
"05-Sep-2021 11:08",FactSet,1207345,"Lau, Patrick",patrickl@cumberlandcounsel.ca,4164134060,252776,"Cumberland Asset Management",252776,"Cumberland Asset Management","99 Yorkville Ave., 3rd Floor ",Toronto,ON,CA,164095,228822720E5B11EC8E9DAC003AE79615,"02-Sep-2021 19:14","Coloplast: Slower recovery in chronic care, but long-term outlook still intact"
"05-Sep-2021 11:12","AlphaSense, Inc.",1022222,"Qiu, Robin",robin.qiu@miraeasset.com,,1751031,"Mirae Asset Global Investments (U.S.A.), LLC",1751031,"Mirae Asset Global Investments (U.S.A.), LLC","625 Madison Ave 3rd Fl  ","New York",NY,US,163748,fb2d487de27c49609d52849a09f81fad,"11-Aug-2021 04:38","OSH 2Q21: Lowering PT, remain Outperform; med cost miss from both transitory issues and execution challenges"
"05-Sep-2021 11:14","AlphaSense, Inc.",1022222,"Qiu, Robin",robin.qiu@miraeasset.com,,1751031,"Mirae Asset Global Investments (U.S.A.), LLC",1751031,"Mirae Asset Global Investments (U.S.A.), LLC","625 Madison Ave 3rd Fl  ","New York",NY,US,162206,e4127e92b136432c8991b00b57a5fa78,"20-May-2021 16:07","Oak Street Health - The leader of the VBC model: ""Build it and They Will Come"". Launching at OP with a PT of $79"
"05-Sep-2021 11:35","AlphaSense, Inc.",1130914,"Moodie, Millie",m.moodie@mwam.com,,1742889,"Marshall Wace",1742889,"Marshall Wace","George House, 131 Sloane Street ",London,,GB,163928,0d64b10444724c23b2aafb9f03821890,"20-Aug-2021 06:47","Estée Lauder FY21: This recovery still has some legs"
"05-Sep-2021 11:45","AlphaSense, Inc.",1130914,"Moodie, Millie",m.moodie@mwam.com,,1742889,"Marshall Wace",1742889,"Marshall Wace","George House, 131 Sloane Street ",London,,GB,161778,f864d7b7c0734663a982fb8aadfdbecc,"04-May-2021 06:15","Estée Lauder 3FQ21: A horrible quarter. Does it change the long-term outlook?"
"05-Sep-2021 11:58","AlphaSense, Inc.",1269948,"McCahan, Craig",craig.mccahan@dodgeandcox.com,,2035758,"Dodge & Cox",2035758,"Dodge & Cox","555 California Street, 40th Floor  ","San Francisco",CA,US,160944,b65e638c3cb545698e2e99541adf469e,"24-Mar-2021 21:08","General Mill`s 3Q:21 results mixed, guidance for 4Q better on top line but worse on margins than expected"
"05-Sep-2021 12:41",FactSet,641541,"Mammola, Paul",jpm@adagecapital.com,6178672550,2546,"Adage Capital Management",2546,"Adage Capital Management","200 Clarendon Street, 52nd Floor John Hancock Tower",Boston,MA,US,164084,24E8A7820E6811ECBE70B76E9D4D6E05,"02-Sep-2021 00:31","CN, CP:  Fundamentals?  Who needs `em - we got mergers and activists!"
"05-Sep-2021 12:52",FactSet,641541,"Mammola, Paul",jpm@adagecapital.com,6178672550,2546,"Adage Capital Management",2546,"Adage Capital Management","200 Clarendon Street, 52nd Floor John Hancock Tower",Boston,MA,US,164067,B27ACE620E6911EC912BC86E9D4D6E05,"01-Sep-2021 00:49","CN, CP:  The Ministry has spoken, the activists have arrived, and change is in the air"
"05-Sep-2021 13:07",FactSet,151024,"Donohoe, Brendan",bdonohoe@tswinvest.com,8045216411,62,"Thompson, Siegel & Walmsley LLC",62,"Thompson, Siegel & Walmsley LLC","6641 West Broad Street, Suite 600 ",Richmond,VA,US,164105,C2D0D2140E6B11ECB0686C235E5A5609,"05-Sep-2021 13:06","Asia Quantitative Strategy - Which quality stocks would bounce back the most?"
"05-Sep-2021 14:00",FactSet,192652,"Spinar, Randy",randy.spinar@state.sd.us,6053622837,7648,"South Dakota Investment Council",7648,"South Dakota Investment Council","4009 West 49th Street, Suite 300 ","Sioux Falls",SD,US,163490,3882711E0E7311ECAB1AB76E9D4D6E05,"30-Jul-2021 07:36","Mastercard 2q21: Preparing for the return of travel"
"05-Sep-2021 14:12",FactSet,260329,"Abichandani, Praveen",pabichandani@bostoncommonasset.com,6179603913,121364,"Boston Common Asset Management",121364,"Boston Common Asset Management","200 State Street, , 7th Floor ",Boston,MA,US,163677,E6AC25860E7411ECBD38B76E9D4D6E05,"06-Aug-2021 11:32","Quick Take: M&M Q1 results - Takeaways from analyst call"
"05-Sep-2021 14:26","AlphaSense, Inc.",1063157,"Van de Veer, Peter",p.vandeveer@mwam.com,,1742889,"Marshall Wace",1742889,"Marshall Wace","George House, 131 Sloane Street ",London,,GB,119423,a7c3db186826416984e8b781452516f0,"11-Feb-2016 02:04","Beiersdorf: The Deep Dive"
"05-Sep-2021 14:28","AlphaSense, Inc.",1063157,"Van de Veer, Peter",p.vandeveer@mwam.com,,1742889,"Marshall Wace",1742889,"Marshall Wace","George House, 131 Sloane Street ",London,,GB,128591,e420a274fd2246789de2f25a08c8daa5,"13-Mar-2017 00:11","Unilever: The Deep Dive update...aka, what happens next?"
"05-Sep-2021 14:39","AlphaSense, Inc.",1063157,"Van de Veer, Peter",p.vandeveer@mwam.com,,1742889,"Marshall Wace",1742889,"Marshall Wace","George House, 131 Sloane Street ",London,,GB,136949,7b3d73445ba84d639ec8fd577e903036,"19-Mar-2018 01:33","Unilever: Deep Dive...Major strategic evolution and operating progress since 2007/2008, but there is still much more to come"
"05-Sep-2021 15:04",FactSet,542239,"Lin, Weixin",wlin@aristotlecap.com,3104784005,600022,"Aristotle Capital Management LLC",600022,"Aristotle Capital Management LLC","11100 Santa Monica Blvd. , #1700 ","Los Angeles",CA,US,161305,1F1A9DA60E7C11EC9B99CF44E70C4A38,"16-Apr-2021 07:38","Quick Take: IFF`s restatement and Learning Labs"
"05-Sep-2021 15:06",FactSet,995549,"Choi, Hayden",choih@orbimed.com,2127396445,4920,"OrbiMed Advisors",4920,"OrbiMed Advisors","601 Lexington Avenue , 54th Floor ","New York",NY,US,164054,5E73F57E0E7C11ECA78CDAF964D89DF5,"30-Aug-2021 23:52","US Biopharma: The five-year outlook for the immunology market - innovation, formularies, biosimilars, and pricing"
"05-Sep-2021 15:12",FactSet,1223074,"Rivas, Jorge",jorge.rivas@fmglobal.com,,4636,"FM Global",4636,"FM Global","404 Wyman St., Suite 390  ",Waltham,MA,US,163154,3AE70E600E7D11ECB73EC86E9D4D6E05,"21-Jul-2021 00:38","Salesforce: Now that Slack is closing what happens to CRM and its stock?"
"05-Sep-2021 15:13",FactSet,1223074,"Rivas, Jorge",jorge.rivas@fmglobal.com,,4636,"FM Global",4636,"FM Global","404 Wyman St., Suite 390  ",Waltham,MA,US,162748,4A75BB920E7D11EC989AA98C5FA409EE,"24-Jun-2021 18:15","Microsoft Quick Take:  Do we care about Windows 11?"
"05-Sep-2021 15:14",FactSet,1223074,"Rivas, Jorge",jorge.rivas@fmglobal.com,,4636,"FM Global",4636,"FM Global","404 Wyman St., Suite 390  ",Waltham,MA,US,160449,6CE259600E7D11EC82D7AA8C5FA409EE,"28-Feb-2021 22:40","The “TAM”inator: Sizing markets, fears, and dreams - ERP: Watch out for Workday, SAP, and Oracle"
"05-Sep-2021 15:14",FactSet,1223074,"Rivas, Jorge",jorge.rivas@fmglobal.com,,4636,"FM Global",4636,"FM Global","404 Wyman St., Suite 390  ",Waltham,MA,US,159711,7067AC700E7D11EC82AEC86E9D4D6E05,"01-Feb-2021 22:16","SAP - Updating our thesis after Rise with SAP and Q4 earnings"
"05-Sep-2021 15:14",FactSet,1223074,"Rivas, Jorge",jorge.rivas@fmglobal.com,,4636,"FM Global",4636,"FM Global","404 Wyman St., Suite 390  ",Waltham,MA,US,157849,74D6E79E0E7D11EC9C1B698C5FA409EE,"28-Oct-2020 01:26","MSFT Q121: Strong quarter with cautious guidance; a standout in what we believe will be a quarter of caution"
"05-Sep-2021 16:08",FactSet,192652,"Spinar, Randy",randy.spinar@state.sd.us,6053622837,7648,"South Dakota Investment Council",7648,"South Dakota Investment Council","4009 West 49th Street, Suite 300 ","Sioux Falls",SD,US,163756,0A05F8760E8511ECAF8E698C5FA409EE,"11-Aug-2021 12:14","Quick Take: Visa - Amazon Singapore credit card surcharge; a Wal-Mart/Kroger déjà vu?"
"05-Sep-2021 16:09",FactSet,192652,"Spinar, Randy",randy.spinar@state.sd.us,6053622837,7648,"South Dakota Investment Council",7648,"South Dakota Investment Council","4009 West 49th Street, Suite 300 ","Sioux Falls",SD,US,163350,24174CBA0E8511ECA11C688C5FA409EE,"28-Jul-2021 06:34","Visa 3Q21: Positioning for the post-Covid digital world"
"05-Sep-2021 16:52",FactSet,192652,"Spinar, Randy",randy.spinar@state.sd.us,6053622837,7648,"South Dakota Investment Council",7648,"South Dakota Investment Council","4009 West 49th Street, Suite 300 ","Sioux Falls",SD,US,161047,29C996440E8B11ECB9A4CE44E70C4A38,"31-Mar-2021 00:31","Visa: The bull case - why buy now?"
"05-Sep-2021 17:26",FactSet,520713,"Chan, Raymond",raymond.y.chan@tdam.com,56813608,5247,"TD Asset Management",5247,"TD Asset Management","1230 Blackfoot Drive, Suite 300 ",Regina,SK,CA,164047,F56D959E0E8F11ECBE745C9264D89DF5,"30-Aug-2021 17:36","Meituan Q2 2021: Results beat - Delta drives weak Q3; encouraging outlook on social insurance costs?"
"05-Sep-2021 17:26",FactSet,520713,"Chan, Raymond",raymond.y.chan@tdam.com,56813608,5247,"TD Asset Management",5247,"TD Asset Management","1230 Blackfoot Drive, Suite 300 ",Regina,SK,CA,163641,FEDE0D520E8F11ECB288CE44E70C4A38,"05-Aug-2021 16:43","Meituan: Updated expert views on food delivery regulatory risk"
"05-Sep-2021 19:07",FactSet,921581,"Underhill, Matt",munderhill@trianpartners.com,2124513171,259246,"Trian Fund Management, L.P",259246,"Trian Fund Management, L.P","280 Park Avenue, 41st Floor ","New York",NY,US,164106,13818D660E9E11EC9655F4FE5D5A5609,"05-Sep-2021 19:07","European Chemicals: Machine Head vs. Chemical Brothers - How do returns from plastic recycling technologies vary?"
"05-Sep-2021 19:07",FactSet,658405,"McCorkell, Fergus",fm@taml.co.uk,02070143252,444806,"Troy Asset Management",444806,"Troy Asset Management","33 Davies Street  ",London,GRLO,GB,164106,13EC4CA00E9E11EC84877B055E5A5609,"05-Sep-2021 19:07","European Chemicals: Machine Head vs. Chemical Brothers - How do returns from plastic recycling technologies vary?"
"05-Sep-2021 19:07",FactSet,756719,"Shaughnessy, James",jshaughnessy@rsinvestments.com,4155912972,138,"Victory Capital Management",138,"Victory Capital Management","One Bush St, 4th Floor ","San Francisco",CA,US,164106,1464B5DC0E9E11EC8CBD74055E5A5609,"05-Sep-2021 19:07","European Chemicals: Machine Head vs. Chemical Brothers - How do returns from plastic recycling technologies vary?"
"05-Sep-2021 19:07",FactSet,819310,"Nie, Qiao",nieq@montrusco.com,5142822915,2989,"Montrusco Bolton",2989,"Montrusco Bolton","1501 McGill College Avenue, Suite 1200  ",Montreal,QC,CA,164106,1541DD5E0E9E11EC82E474055E5A5609,"05-Sep-2021 19:07","European Chemicals: Machine Head vs. Chemical Brothers - How do returns from plastic recycling technologies vary?"
"05-Sep-2021 19:07",FactSet,1024799,"Wetchler, Daniel",dwetchler@spearsabacus.com,2122309888,586364,"Spears Abacus Advisors",586364,"Spears Abacus Advisors","147 E. 48th St.  ","New York",NY,US,164106,16172F7C0E9E11EC8C867B055E5A5609,"05-Sep-2021 19:07","European Chemicals: Machine Head vs. Chemical Brothers - How do returns from plastic recycling technologies vary?"
"05-Sep-2021 19:07",FactSet,631531,"Yang, William",william.yang@riverroadam.com,5023712218,220577,"River Road Asset Management",220577,"River Road Asset Management","462 S. Fourth St., Suite 2000  ",Louisville,KY,US,164106,168156CC0E9E11ECB7A074055E5A5609,"05-Sep-2021 19:07","European Chemicals: Machine Head vs. Chemical Brothers - How do returns from plastic recycling technologies vary?"
"05-Sep-2021 19:07",FactSet,973658,"Hargreaves, Eddy",eddy.hargreaves@investecwin.co.uk,02075971406,4124,"Investec Wealth & Investment Limited",4124,"Investec Wealth & Investment Limited","30 Gresham Street  ",London,GRLO,GB,164106,956a9edbd3374c6ab5560b7ea38a5137,"05-Sep-2021 19:07","European Chemicals: Machine Head vs. Chemical Brothers - How do returns from plastic recycling technologies vary?"
"05-Sep-2021 19:07",FactSet,151024,"Donohoe, Brendan",bdonohoe@tswinvest.com,8045216411,62,"Thompson, Siegel & Walmsley LLC",62,"Thompson, Siegel & Walmsley LLC","6641 West Broad Street, Suite 600 ",Richmond,VA,US,164106,b432005aca6c42a6a3796922b8c96e80,"05-Sep-2021 19:07","European Chemicals: Machine Head vs. Chemical Brothers - How do returns from plastic recycling technologies vary?"
"05-Sep-2021 19:07",FactSet,625677,"Kerck, Ludwig",lkerck@rivuletcap.com,2127568694,697800,"Rivulet Capital, LLC",697800,"Rivulet Capital, LLC","55 West 46 Street, Suite 2202  ","New York",NY,US,164106,17BA0D180E9E11ECA23A9D2D15941755,"05-Sep-2021 19:07","European Chemicals: Machine Head vs. Chemical Brothers - How do returns from plastic recycling technologies vary?"
"05-Sep-2021 19:07",FactSet,357380,"Gasner, Michael",mgasner@firstmanhattan.com,2127563424,7704,"First Manhattan Company",7704,"First Manhattan Company","399 Park Avenue  ","New York",NY,US,164106,189044280E9E11ECA6EC9D2D15941755,"05-Sep-2021 19:07","European Chemicals: Machine Head vs. Chemical Brothers - How do returns from plastic recycling technologies vary?"
"05-Sep-2021 19:07",FactSet,613817,"Brackley, Hannah",hbrackley@manning-napier.com,5853258924,316,"Manning and Napier Advisors, LLC",316,"Manning and Napier Advisors, LLC","290 Woodcliff Drive  ",Fairport,NY,US,164106,19505CEA0E9E11EC85749D2D15941755,"05-Sep-2021 19:07","European Chemicals: Machine Head vs. Chemical Brothers - How do returns from plastic recycling technologies vary?"
"05-Sep-2021 19:07",FactSet,628048,"Beleson, Theresa",tbeleson@meritagegroup.com,4153995349,562747,"Meritage Group LP",562747,"Meritage Group LP","66 Field Point Road, 4th Floor ",Greenwich,CT,US,164106,edb35a246121471f8d5bbbb32e5333f8,"05-Sep-2021 19:07","European Chemicals: Machine Head vs. Chemical Brothers - How do returns from plastic recycling technologies vary?"
"05-Sep-2021 19:07",FactSet,957368,"Wilson, Jess",jwilson@tlcadvisory.com,8047091250,175567,"The London Company",175567,"The London Company","1800 Bayberry Ct, Suite 301 ",Richmond,VA,US,164106,19C3F1D20E9E11EC9C71973B14941755,"05-Sep-2021 19:07","European Chemicals: Machine Head vs. Chemical Brothers - How do returns from plastic recycling technologies vary?"
"05-Sep-2021 19:07",FactSet,1160819,"Maddock, Jamie",jamie.maddock@quiltercheviot.com,,315088,"Quilter Cheviot Ltd.",315088,"Quilter Cheviot Ltd.","Senator House, 85 Queen Victoria Street  ",London,GRLO,GB,164106,752a3dbfc40d43c0aa7e6145fd045390,"05-Sep-2021 19:07","European Chemicals: Machine Head vs. Chemical Brothers - How do returns from plastic recycling technologies vary?"
"05-Sep-2021 19:14",FactSet,345412,"Armitage, John",jca@egercap.co.uk,02074103607,111112,"Egerton Capital Limited",111112,"Egerton Capital Limited","Stratton House, 5 Stratton Street ",London,GRLO,GB,164107,0FFC13680E9F11ECA822F4FE5D5A5609,"05-Sep-2021 19:08","CD Projekt Q2 2021: A provisional blip"
"05-Sep-2021 19:14",FactSet,1216383,"Marghlani, Firas",fmarghlani@pif.gov.sa,118394261,635482,"Public Investment Fund (Investment Management)",635482,"Public Investment Fund (Investment Management)","AlRaidah Digital City, Al-Nakheel P.O.BOX 6847",Riyadh,,SA,164107,10B885E80E9F11ECB2257B055E5A5609,"05-Sep-2021 19:08","CD Projekt Q2 2021: A provisional blip"
"05-Sep-2021 19:14",FactSet,383330,"Black, Eric",eblack@sandscap.com,7032530275,1748,"Sands Capital Management, Inc.",1748,"Sands Capital Management, Inc.","1000 Wilson Boulevard, Suite 3000 ",Arlington,VA,US,164107,1167F3020E9F11EC91717B055E5A5609,"05-Sep-2021 19:08","CD Projekt Q2 2021: A provisional blip"
"05-Sep-2021 19:14",FactSet,151024,"Donohoe, Brendan",bdonohoe@tswinvest.com,8045216411,62,"Thompson, Siegel & Walmsley LLC",62,"Thompson, Siegel & Walmsley LLC","6641 West Broad Street, Suite 600 ",Richmond,VA,US,164107,2ee0404792a1460794bb631905bcea96,"05-Sep-2021 19:08","CD Projekt Q2 2021: A provisional blip"
"05-Sep-2021 19:14",FactSet,625677,"Kerck, Ludwig",lkerck@rivuletcap.com,2127568694,697800,"Rivulet Capital, LLC",697800,"Rivulet Capital, LLC","55 West 46 Street, Suite 2202  ","New York",NY,US,164107,cd5ba7dbfb1d4117897718f14d282f2e,"05-Sep-2021 19:08","CD Projekt Q2 2021: A provisional blip"
"05-Sep-2021 19:14",FactSet,809975,"Halladay, Will",whalladay@tswinvest.com,8043534500,62,"Thompson, Siegel & Walmsley LLC",62,"Thompson, Siegel & Walmsley LLC","6641 West Broad Street, Suite 600 ",Richmond,VA,US,164107,06494846cca646b3a8e760868363a407,"05-Sep-2021 19:08","CD Projekt Q2 2021: A provisional blip"
"05-Sep-2021 19:57",FactSet,192652,"Spinar, Randy",randy.spinar@state.sd.us,6053622837,7648,"South Dakota Investment Council",7648,"South Dakota Investment Council","4009 West 49th Street, Suite 300 ","Sioux Falls",SD,US,163736,01DD99400EA511ECBB0407E264D89DF5,"10-Aug-2021 17:13","Quick Take: Salesforce moves into streaming corporate content with Salesforce+"
"05-Sep-2021 19:57",FactSet,192652,"Spinar, Randy",randy.spinar@state.sd.us,6053622837,7648,"South Dakota Investment Council",7648,"South Dakota Investment Council","4009 West 49th Street, Suite 300 ","Sioux Falls",SD,US,163927,08F5739C0EA511ECADF0F30A64D89DF5,"20-Aug-2021 05:16","Microsoft: The 1st Office 365 price increase. What could it mean?"
"05-Sep-2021 20:00",FactSet,192652,"Spinar, Randy",randy.spinar@state.sd.us,6053622837,7648,"South Dakota Investment Council",7648,"South Dakota Investment Council","4009 West 49th Street, Suite 300 ","Sioux Falls",SD,US,163339,6B0BC7520EA511EC861CED5DE70C4A38,"28-Jul-2021 02:24","MSFT Q421: A more complex quarter with solid results, helped by FX and strong, more detailed guidance"
"05-Sep-2021 20:01",FactSet,192652,"Spinar, Randy",randy.spinar@state.sd.us,6053622837,7648,"South Dakota Investment Council",7648,"South Dakota Investment Council","4009 West 49th Street, Suite 300 ","Sioux Falls",SD,US,163541,8D1DEE740EA511EC80D9C85DE70C4A38,"02-Aug-2021 22:56","Apple`s advertising business - $3B today… soon to be $10B? And what about IDFA?"
"05-Sep-2021 20:10",FactSet,331685,"Chan, Kevin",chan@platinum.com.au,292557549,6954,"Platinum Investment Management",6954,"Platinum Investment Management","Level 8, 7 Macquarie Place ",Sydney,NSW,AU,164101,D65286260EA611EC8AF0698C5FA409EE,"03-Sep-2021 02:05","Broadcom Inc (AVGO): FQ321 Recap - A good place to be..."
"05-Sep-2021 20:19","AlphaSense, Inc.",1271833,"Toor, Daljit",dtoor@cppib.com,,1811063,"CPP Investment Board",1811063,"CPP Investment Board","One Queen St., E., #2500  ",Toronto,ON,CA,150546,ae668d5cca824cdda4844ad87c0642c0,"19-Nov-2019 23:32","Siemens Healthineers: With Qiagen in play, could Healthineers be interested?"
"05-Sep-2021 20:21",FactSet,494292,"Ong, Christine",christine.ong@antipodespartners.com,280597605,968196,"Antipodes Partners",968196,"Antipodes Partners","Level 35, 60 Margaret Street  ",Sydney,NSW,AU,164104,6F8868DC0EA811ECB2BFC85DE70C4A38,"03-Sep-2021 13:34","China cosmetics: The pulse on cosmetics Tmall sales"
"05-Sep-2021 20:34",FactSet,612928,"Hira, Kirit",hira@platinum.com.au,292557540,6954,"Platinum Investment Management",6954,"Platinum Investment Management","Level 8, 7 Macquarie Place ",Sydney,NSW,AU,164055,283B916E0EAA11EC877795845FA409EE,"31-Aug-2021 05:35","Estun: Temporary cost headwind underestimated, but 1-5 year thesis intact; Reiterate Outperform"
"05-Sep-2021 21:28",FactSet,165485,"Chelat, Ramiz",ramiz.chelat@vontobel.com,36553975,3009,"Vontobel Asset Management, Inc",3009,"Vontobel Asset Management, Inc","1901 Gloucester Tower, The Landmark 15 Queen’s Road Central","Hong Kong",,HK,163117,CBCB20E00EB111EC8667CAC29C4D6E05,"19-Jul-2021 13:43","HCL Tech Q1FY22: Misses expectations; guidance maintained"
"05-Sep-2021 21:34",FactSet,612928,"Hira, Kirit",hira@platinum.com.au,292557540,6954,"Platinum Investment Management",6954,"Platinum Investment Management","Level 8, 7 Macquarie Place ",Sydney,NSW,AU,157804,9EC74D480EB211EC8958C85DE70C4A38,"27-Oct-2020 03:38","Estun: A consolidator of Chinese robotics; Initiate at Outperform"
"05-Sep-2021 21:43",FactSet,1184467,"Nelson, Jack",jack.nelson@stewartinvestors.com,01314732527,424764,"Stewart Investors",424764,"Stewart Investors","Suite 10, Level 3, 13 Hickson Road Dawes Point",Sydney,NSW,AU,163884,DDD8A60C0EB311EC83B9EF5DE70C4A38,"18-Aug-2021 19:08","Beiersdorf: Cautious guidance makes us nervous for H2. Are the investments paying off?"
"05-Sep-2021 21:53","AlphaSense, Inc.",995201,"Zhu, Cole",colz@capgroup.com,,1539272,"Capital Group Companies",1539272,"Capital Group Companies","Suite 5701, Sinar Mas Plaza, 501 Dongdaming Rd.  ","Hongkou District",31,CN,163904,ebcf4940412a4f7da2f6eb4b9d3c4df4,"19-Aug-2021 16:37","China Grocery: Can front distribution centers (FDCs) be profitable - Missfresh and Dingdong?"
"05-Sep-2021 21:53","AlphaSense, Inc.",995201,"Zhu, Cole",colz@capgroup.com,,1539272,"Capital Group Companies",1539272,"Capital Group Companies","Suite 5701, Sinar Mas Plaza, 501 Dongdaming Rd.  ","Hongkou District",31,CN,161119,6ee4087a50b9491389c9d43254be73f4,"06-Apr-2021 16:36","China Internet: Diving deep on community group buying"
"05-Sep-2021 21:57","AlphaSense, Inc.",876544,"Gopal, Chitra",chg@capgroup.com,,1539272,"Capital Group Companies",1539272,"Capital Group Companies","One Raffles Quay, 33rd Floor  ",Singapore,,SG,164101,1d83b90c7a694c5e9a5c23452890fa7d,"03-Sep-2021 02:05","Broadcom Inc (AVGO): FQ321 Recap - A good place to be..."
"05-Sep-2021 21:57",FactSet,1184467,"Nelson, Jack",jack.nelson@stewartinvestors.com,01314732527,424764,"Stewart Investors",424764,"Stewart Investors","Suite 10, Level 3, 13 Hickson Road Dawes Point",Sydney,NSW,AU,164004,CDC4E10C0EB511EC99EBF30A64D89DF5,"26-Aug-2021 16:36","Infineon: Summary of another SiC expert interview"
"05-Sep-2021 22:01",FactSet,1031050,"Morris, Christopher",christopher.morris@vgipartners.com,292378927,806773,"VGI Partners, Inc.",806773,"VGI Partners, Inc.","39 Phillip Street  ",Sydney,NSW,AU,160642,686725800EB611EC9A3347AA64D89DF5,"09-Mar-2021 12:39","Quick Take: Dropbox acquires DocSend for $165M - A seemingly good acquisition amid a history of poor ones"
"05-Sep-2021 22:03",FactSet,1031050,"Morris, Christopher",christopher.morris@vgipartners.com,292378927,806773,"VGI Partners, Inc.",806773,"VGI Partners, Inc.","39 Phillip Street  ",Sydney,NSW,AU,160214,9BF509580EB611ECAC8847AA64D89DF5,"19-Feb-2021 00:41","DBX Q420: Where to even start...?"
"05-Sep-2021 22:03",FactSet,1031050,"Morris, Christopher",christopher.morris@vgipartners.com,292378927,806773,"VGI Partners, Inc.",806773,"VGI Partners, Inc.","39 Phillip Street  ",Sydney,NSW,AU,159205,AE2F77C00EB611EC8476DCA964D89DF5,"11-Jan-2021 06:10","DBX: What Does a Potential Bull Case Look Like?"
"05-Sep-2021 22:04",FactSet,792567,"Chan, Jessica",jessicachan@gic.com.sg,68896553,4923,"Government of Singapore Investment Corporation",4923,"Government of Singapore Investment Corporation","168 Robinson Road, #37-01 Capital Tower ",Singapore,,SG,163529,B9973E5E0EB611ECB442C85DE70C4A38,"02-Aug-2021 06:42","Square-Afterpay: A game-changing deal"
"05-Sep-2021 23:16",FactSet,1080777,"Du, Han",hdu@sandscap.com,,1748,"Sands Capital Management, Inc.",1748,"Sands Capital Management, Inc.","1000 Wilson Boulevard, Suite 3000 ",Arlington,VA,US,158536,D84AFAA20EC011ECA82447AA64D89DF5,"19-Nov-2020 16:13","FMC Corporation (FMC): Initiating coverage at Market-Perform;  fairly valued CPC pure play"
"05-Sep-2021 23:20",FactSet,1080777,"Du, Han",hdu@sandscap.com,,1748,"Sands Capital Management, Inc.",1748,"Sands Capital Management, Inc.","1000 Wilson Boulevard, Suite 3000 ",Arlington,VA,US,147017,675D08AC0EC111EC873FE8B764D89DF5,"05-Jun-2019 16:09","Corteva, Inc (CTVA): Initiating coverage with a Market-Perform rating. Right strategy, not the right time to buy."
"05-Sep-2021 23:35","AlphaSense, Inc.",960605,"Ng, Jason",jason@tybournecapital.com,,1675842,"Tybourne Capital Management (HK) Limited",1675842,"Tybourne Capital Management (HK) Limited","2302 Cheung Kong Center,2 Queens Road Central  ","Hong Kong",91,CN,163892,00014b81ff7245cba80210699b2b4080,"19-Aug-2021 02:00","Global Luxury Goods: Surfing the post Covid-19 demand wave"
