file_date_UTC,read_id,viewed_date_UTC,channel_type,vendor_user_id,user_name,user_business_email,vendor_client_id,client_name,client_type,broker_model_id,vendor_document_id,published_date_UTC,broker_ticker,vendor_analyst_id,analyst_name,analyst_email,Company,OA User ID
2021-12-06T07:19Z,474192848,2021-12-04T15:31Z,VA Web Download,Embargoed,Embargoed,Embargoed,Embargoed,Embargoed,Embargoed,18213,2670098,2021-11-05T12:25Z,2141,1247067,"Rawat, Harshita",harshita.rawat@bernstein.com,Square Inc,Embargoed
2021-12-06T07:19Z,471746003,2021-12-01T10:05Z,VA Web Download,Embargoed,Embargoed,Embargoed,Embargoed,Embargoed,Embargoed,18301,2695171,2021-11-16T01:19Z,1831,1247078,"Zechmann, Gunther",gunther.zechmann@bernstein.com,INTERNATIONAL FLAVORS & FRAGRANCES INC,Embargoed
2021-12-06T07:19Z,471738325,2021-12-01T09:57Z,VA Web Download,Embargoed,Embargoed,Embargoed,Embargoed,Embargoed,Embargoed,18303,2695180,2021-11-16T01:27Z,1833,1247078,"Zechmann, Gunther",gunther.zechmann@bernstein.com,Symrise AG,Embargoed
2021-12-06T07:19Z,471730449,2021-12-01T09:50Z,VA Web Download,Embargoed,Embargoed,Embargoed,Embargoed,Embargoed,Embargoed,18297,2695155,2021-11-16T01:01Z,888,1247078,"Zechmann, Gunther",gunther.zechmann@bernstein.com,Givaudan AG,Embargoed
2021-12-06T07:19Z,471290932,2021-11-30T21:24Z,VA Web Download,Embargoed,Embargoed,Embargoed,Embargoed,Embargoed,Embargoed,18291,2692724,2021-11-15T07:37Z,1200,1247047,"Fletcher, Brandon",brandon.fletcher@bernstein.com,DOLLAR GENERAL CORPORATION,Embargoed
2021-12-06T07:19Z,471290901,2021-11-30T21:23Z,VA Web Download,Embargoed,Embargoed,Embargoed,Embargoed,Embargoed,Embargoed,18291,2692724,2021-11-15T07:37Z,1200,1247047,"Fletcher, Brandon",brandon.fletcher@bernstein.com,DOLLAR GENERAL CORPORATION,Embargoed
2021-12-06T07:19Z,470915059,2021-11-30T12:19Z,VA Web Download,Embargoed,Embargoed,Embargoed,Embargoed,Embargoed,Embargoed,18328,2703452,2021-11-19T00:27Z,1608,1247079,"Becker, Meike",meike.becker@bernstein.com,ENEL SpA,Embargoed
2021-12-06T07:19Z,469353754,2021-11-27T20:44Z,VA Web Download,Embargoed,Embargoed,Embargoed,Embargoed,Embargoed,Embargoed,18362,2712743,2021-11-24T06:50Z,2135,1247048,"Sacconaghi, Toni",sacconaghi@bernstein.com,Dell Technologies Inc,Embargoed
2021-12-06T07:19Z,468928486,2021-11-26T16:51Z,VA Web Download,Embargoed,Embargoed,Embargoed,Embargoed,Embargoed,Embargoed,18364,2713869,2021-11-24T13:52Z,1352,1247047,"Fletcher, Brandon",brandon.fletcher@bernstein.com,DOLLAR TREE INC,Embargoed
2021-12-06T07:19Z,467578821,2021-11-25T01:43Z,VA Web Download,Embargoed,Embargoed,Embargoed,Embargoed,Embargoed,Embargoed,18014,2640184,2021-10-27T03:55Z,2416,1247069,"Harned, Douglas",douglas.harned@bernstein.com,RAYTHEON TECHNOLOGIES CORP,Embargoed
2021-12-06T07:19Z,466822868,2021-11-24T06:41Z,VA Web Download,Embargoed,Embargoed,Embargoed,Embargoed,Embargoed,Embargoed,18338,2704856,2021-11-19T10:48Z,665,1253426,"Ellinghorst, Arndt",arndt.ellinghorst@bernstein.com,Daimler,Embargoed
2021-12-06T07:19Z,466033403,2021-11-23T09:32Z,VA Web Download,Embargoed,Embargoed,Embargoed,Embargoed,Embargoed,Embargoed,18044,2644346,2021-10-28T07:18Z,2055,1247071,"Beveridge, Neil",neil.beveridge@bernstein.com,Contemporary Amperex Technology Co Ltd,Embargoed
2021-12-06T07:19Z,465807189,2021-11-23T02:19Z,VA Web Download,Embargoed,Embargoed,Embargoed,Embargoed,Embargoed,Embargoed,18320,2700032,2021-11-17T13:21Z,583,1247047,"Fletcher, Brandon",brandon.fletcher@bernstein.com,Walmart Inc.,Embargoed
2021-12-06T07:19Z,464898119,2021-11-22T01:08Z,VA Web Download,Embargoed,Embargoed,Embargoed,Embargoed,Embargoed,Embargoed,18135,2656049,2021-11-01T22:35Z,1949,1247048,"Sacconaghi, Toni",sacconaghi@bernstein.com,"Tesla, Inc.",Embargoed
2021-12-06T07:19Z,463987397,2021-11-19T16:27Z,VA Web Download,Embargoed,Embargoed,Embargoed,Embargoed,Embargoed,Embargoed,18290,2692718,2021-11-15T07:33Z,1352,1247047,"Fletcher, Brandon",brandon.fletcher@bernstein.com,DOLLAR TREE INC,Embargoed
2021-12-06T07:19Z,462676228,2021-11-18T08:49Z,VA Web Download,Embargoed,Embargoed,Embargoed,Embargoed,Embargoed,Embargoed,18173,2663299,2021-11-03T23:45Z,1281,1247072,"Clint, Oswald",oswald.clint@bernstein.com,Repsol,Embargoed
2021-12-06T07:19Z,462594235,2021-11-18T06:04Z,VA Web Download,Embargoed,Embargoed,Embargoed,Embargoed,Embargoed,Embargoed,16886,2643265,2021-10-27T22:33Z,1158,1247083,"Kwek, Kevin",kevin.kwek@bernstein.com,China Merchants Bank,Embargoed
2021-12-06T07:19Z,462474051,2021-11-18T01:29Z,VA Web Download,Embargoed,Embargoed,Embargoed,Embargoed,Embargoed,Embargoed,17521,2535045,2021-08-31T21:39Z,34,1247059,"Rasgon, Stacy",stacy.rasgon@bernstein.com,"Applied Materials, Inc.",Embargoed
2021-12-06T07:19Z,460196396,2021-11-15T16:57Z,VA Web Download,Embargoed,Embargoed,Embargoed,Embargoed,Embargoed,Embargoed,18081,2648465,2021-10-29T06:37Z,6,1247048,"Sacconaghi, Toni",sacconaghi@bernstein.com,Apple Inc.,Embargoed
2021-12-06T07:19Z,459873498,2021-11-15T11:54Z,VA Web Download,Embargoed,Embargoed,Embargoed,Embargoed,Embargoed,Embargoed,17599,2550036,2021-09-08T23:50Z,2302,1249317,"Solca, Luca",luca.solca@bernstein.com,Farfetch Ltd,Embargoed
2021-12-06T07:19Z,459388784,2021-11-14T19:01Z,VA Web Download,Embargoed,Embargoed,Embargoed,Embargoed,Embargoed,Embargoed,18110,2652508,2021-10-31T23:47Z,716,1247065,"Monteyne, Bruno",bruno.monteyne@bernstein.com,UNILEVER PLC,Embargoed
2021-12-06T07:19Z,459309257,2021-11-14T13:34Z,VA Web Download,Embargoed,Embargoed,Embargoed,Embargoed,Embargoed,Embargoed,18110,2652508,2021-10-31T23:47Z,716,1247065,"Monteyne, Bruno",bruno.monteyne@bernstein.com,UNILEVER PLC,Embargoed
2021-12-06T07:19Z,457998366,2021-11-12T09:49Z,VA Web Download,Embargoed,Embargoed,Embargoed,Embargoed,Embargoed,Embargoed,17991,2636955,2021-10-25T23:28Z,885,1247065,"Monteyne, Bruno",bruno.monteyne@bernstein.com,L'Oreal,Embargoed
2021-12-06T07:19Z,456731662,2021-11-11T01:35Z,VA Web Download,Embargoed,Embargoed,Embargoed,Embargoed,Embargoed,Embargoed,18256,2683290,2021-11-10T16:11Z,857,1247073,"Li, Mark",Mark.Li@bernstein.com,Infineon Technologies AG,Embargoed
2021-12-06T07:19Z,454522320,2021-11-09T06:57Z,VA Web Download,Embargoed,Embargoed,Embargoed,Embargoed,Embargoed,Embargoed,18025,2643439,2021-10-28T00:04Z,542,1247059,"Rasgon, Stacy",stacy.rasgon@bernstein.com,TEXAS INSTRUMENTS INCORPORATED,Embargoed
2021-12-06T07:19Z,454413995,2021-11-09T03:26Z,VA Web Download,Embargoed,Embargoed,Embargoed,Embargoed,Embargoed,Embargoed,18135,2656049,2021-11-01T22:35Z,1949,1247048,"Sacconaghi, Toni",sacconaghi@bernstein.com,"Tesla, Inc.",Embargoed
2021-12-06T07:19Z,454413155,2021-11-09T03:23Z,VA Web Download,Embargoed,Embargoed,Embargoed,Embargoed,Embargoed,Embargoed,18046,2644722,2021-10-28T08:35Z,2083,1256577,"Lee, Eunice",eunice.lee@bernstein.com,NIO Inc,Embargoed
2021-12-06T07:19Z,454408248,2021-11-09T03:10Z,VA Web Download,Embargoed,Embargoed,Embargoed,Embargoed,Embargoed,Embargoed,18129,2654059,2021-11-01T09:36Z,667,1253426,"Ellinghorst, Arndt",arndt.ellinghorst@bernstein.com,Volkswagen AG,Embargoed
2021-12-06T07:19Z,453020868,2021-11-07T07:47Z,VA Web Download,Embargoed,Embargoed,Embargoed,Embargoed,Embargoed,Embargoed,18174,2663306,2021-11-03T23:48Z,904,1247072,"Clint, Oswald",oswald.clint@bernstein.com,ROYAL DUTCH SHELL PLC,Embargoed
2021-12-06T07:19Z,452128164,2021-11-05T15:25Z,VA Web Download,Embargoed,Embargoed,Embargoed,Embargoed,Embargoed,Embargoed,18202,2667992,2021-11-05T03:46Z,1765,1247053,"Juenger, Todd",todd.juenger@bernstein.com,Lions Gate Entertainment Corp.,Embargoed
2021-12-06T07:19Z,450751306,2021-11-04T12:20Z,VA Web Download,Embargoed,Embargoed,Embargoed,Embargoed,Embargoed,Embargoed,17896,2643200,2021-10-27T21:54Z,994,1247062,"Brackett, Bob",bob.brackett@bernstein.com,RIO TINTO PLC,Embargoed
2021-12-06T07:19Z,450495348,2021-11-04T08:21Z,VA Web Download,Embargoed,Embargoed,Embargoed,Embargoed,Embargoed,Embargoed,18115,2652616,2021-11-01T01:23Z,1433,1247062,"Brackett, Bob",bob.brackett@bernstein.com,Vale S.A.,Embargoed
2021-12-06T07:19Z,449828810,2021-11-03T17:45Z,VA Web Download,Embargoed,Embargoed,Embargoed,Embargoed,Embargoed,Embargoed,18019,2641836,2021-10-27T11:46Z,1046,1247067,"Rawat, Harshita",harshita.rawat@bernstein.com,VISA INC.,Embargoed
2021-12-06T07:19Z,449827369,2021-11-03T17:44Z,VA Web Download,Embargoed,Embargoed,Embargoed,Embargoed,Embargoed,Embargoed,18164,2661711,2021-11-03T12:01Z,2225,1247067,"Rawat, Harshita",harshita.rawat@bernstein.com,Global Payments Inc,Embargoed
2021-12-06T07:19Z,446040560,2021-10-30T15:21Z,VA Web Download,Embargoed,Embargoed,Embargoed,Embargoed,Embargoed,Embargoed,18041,2643959,2021-10-28T04:28Z,861,1247069,"Harned, Douglas",douglas.harned@bernstein.com,The Boeing Company,Embargoed
2021-12-06T07:19Z,446036480,2021-10-30T15:05Z,VA Web Download,Embargoed,Embargoed,Embargoed,Embargoed,Embargoed,Embargoed,18076,2648043,2021-10-29T04:23Z,865,1247069,"Harned, Douglas",douglas.harned@bernstein.com,NORTHROP GRUMMAN CORPORATION,Embargoed
2021-12-06T07:19Z,445347509,2021-10-29T14:21Z,VA Web Download,Embargoed,Embargoed,Embargoed,Embargoed,Embargoed,Embargoed,18096,2650069,2021-10-29T12:59Z,985,1247067,"Rawat, Harshita",harshita.rawat@bernstein.com,MASTERCARD INC,Embargoed
2021-12-06T07:19Z,441831485,2021-10-26T19:28Z,VA Web Download,Embargoed,Embargoed,Embargoed,Embargoed,Embargoed,Embargoed,17826,2601756,2021-10-11T16:48Z,640,1247504,"Elliott, Callum",callum.elliott@bernstein.com,THE CLOROX COMPANY,Embargoed
2021-12-06T07:19Z,441594968,2021-10-26T15:17Z,VA Web Download,Embargoed,Embargoed,Embargoed,Embargoed,Embargoed,Embargoed,17860,2605076,2021-10-13T01:24Z,864,1247069,"Harned, Douglas",douglas.harned@bernstein.com,LOCKHEED MARTIN CORPORATION,Embargoed
2021-12-06T07:19Z,430476656,2021-10-14T20:26Z,VA Web Download,Embargoed,Embargoed,Embargoed,Embargoed,Embargoed,Embargoed,17521,2535045,2021-08-31T21:39Z,34,1247059,"Rasgon, Stacy",stacy.rasgon@bernstein.com,"Applied Materials, Inc.",Embargoed
2021-12-06T07:19Z,429876386,2021-10-14T12:56Z,VA Web Download,Embargoed,Embargoed,Embargoed,Embargoed,Embargoed,Embargoed,17852,2605004,2021-10-12T23:26Z,992,1247062,"Brackett, Bob",bob.brackett@bernstein.com,BHP BILLITON LTD,Embargoed
2021-12-06T07:19Z,429503683,2021-10-14T09:28Z,VA Web Download,Embargoed,Embargoed,Embargoed,Embargoed,Embargoed,Embargoed,17845,2603505,2021-10-12T08:38Z,2693,1256419,"Liang, Rebecca",rebecca.liang@bernstein.com,Zai Lab Ltd,Embargoed
2021-12-06T07:19Z,429503387,2021-10-14T09:27Z,VA Web Download,Embargoed,Embargoed,Embargoed,Embargoed,Embargoed,Embargoed,17845,2603505,2021-10-12T08:38Z,2693,1256419,"Liang, Rebecca",rebecca.liang@bernstein.com,Zai Lab Ltd,Embargoed
2021-12-06T07:19Z,429497611,2021-10-14T09:23Z,VA Web Download,Embargoed,Embargoed,Embargoed,Embargoed,Embargoed,Embargoed,17845,2603505,2021-10-12T08:38Z,2693,1256419,"Liang, Rebecca",rebecca.liang@bernstein.com,Zai Lab Ltd,Embargoed
2021-12-06T07:19Z,426341993,2021-10-11T23:18Z,VA Web Download,Embargoed,Embargoed,Embargoed,Embargoed,Embargoed,Embargoed,17478,2523449,2021-08-25T02:49Z,6,1247048,"Sacconaghi, Toni",sacconaghi@bernstein.com,Apple Inc.,Embargoed
2021-12-06T07:19Z,422372402,2021-10-07T08:56Z,VA Web Download,Embargoed,Embargoed,Embargoed,Embargoed,Embargoed,Embargoed,17708,2579712,2021-09-29T05:40Z,789,1247072,"Clint, Oswald",oswald.clint@bernstein.com,TotalEnergies,Embargoed
2021-12-06T07:19Z,422325293,2021-10-07T08:14Z,VA Web Download,Embargoed,Embargoed,Embargoed,Embargoed,Embargoed,Embargoed,17708,2579712,2021-09-29T05:40Z,789,1247072,"Clint, Oswald",oswald.clint@bernstein.com,TotalEnergies,Embargoed
2021-12-06T07:19Z,415978183,2021-10-01T14:10Z,VA Web Download,Embargoed,Embargoed,Embargoed,Embargoed,Embargoed,Embargoed,17651,2566821,2021-09-20T01:24Z,1023,1245082,"Moerdler, Mark",mark.moerdler@bernstein.com,VMWARE INC,Embargoed
2021-12-06T07:19Z,410800957,2021-09-26T18:45Z,VA Web Download,Embargoed,Embargoed,Embargoed,Embargoed,Embargoed,Embargoed,17254,2447511,2021-07-30T04:23Z,861,1247069,"Harned, Douglas",douglas.harned@bernstein.com,The Boeing Company,Embargoed
2021-12-06T07:19Z,409646603,2021-09-24T07:39Z,VA Web Download,Embargoed,Embargoed,Embargoed,Embargoed,Embargoed,Embargoed,16834,2358753,2021-06-21T08:35Z,2055,1247071,"Beveridge, Neil",neil.beveridge@bernstein.com,Contemporary Amperex Technology Co Ltd,Embargoed
2021-12-06T07:19Z,409643981,2021-09-24T07:34Z,VA Web Download,Embargoed,Embargoed,Embargoed,Embargoed,Embargoed,Embargoed,16834,2358753,2021-06-21T08:35Z,2055,1247071,"Beveridge, Neil",neil.beveridge@bernstein.com,Contemporary Amperex Technology Co Ltd,Embargoed
2021-12-06T07:19Z,409601032,2021-09-24T06:04Z,VA Web Download,Embargoed,Embargoed,Embargoed,Embargoed,Embargoed,Embargoed,17657,2568302,2021-09-20T20:51Z,1231,1247071,"Beveridge, Neil",neil.beveridge@bernstein.com,ENN Energy Holdings,Embargoed
2021-12-06T07:19Z,406300676,2021-09-21T03:39Z,VA Web Download,Embargoed,Embargoed,Embargoed,Embargoed,Embargoed,Embargoed,16835,2358763,2021-06-21T08:37Z,2616,1247071,"Beveridge, Neil",neil.beveridge@bernstein.com,LG Chem,Embargoed
2021-12-06T07:19Z,406118242,2021-09-20T18:44Z,VA Web Download,Embargoed,Embargoed,Embargoed,Embargoed,Embargoed,Embargoed,16711,2324673,2021-05-28T04:14Z,1765,1247053,"Juenger, Todd",todd.juenger@bernstein.com,Lions Gate Entertainment Corp.,Embargoed
2021-12-06T07:19Z,405368757,2021-09-20T01:36Z,VA Web Download,Embargoed,Embargoed,Embargoed,Embargoed,Embargoed,Embargoed,N/A,2551577,2021-09-06T18:00Z,2321,1247096,"McLeish, Euan",Euan.McLeish@bernstein.com,Budweiser Brewing Company APAC Limited,Embargoed
2021-12-06T07:19Z,405076224,2021-09-19T12:09Z,VA Web Download,Embargoed,Embargoed,Embargoed,Embargoed,Embargoed,Embargoed,17637,2559651,2021-09-14T20:53Z,2677,1247083,"Kwek, Kevin",kevin.kwek@bernstein.com,KakaoBank Corp.,Embargoed
2021-12-06T07:19Z,404128768,2021-09-17T21:22Z,VA Web Download,Embargoed,Embargoed,Embargoed,Embargoed,Embargoed,Embargoed,17265,2450992,2021-07-30T22:01Z,111,1253503,"Dillard, Chad",chad.dillard@bernstein.com,CATERPILLAR INC. ,Embargoed
2021-12-06T07:19Z,403323880,2021-09-17T02:44Z,VA Web Download,Embargoed,Embargoed,Embargoed,Embargoed,Embargoed,Embargoed,17470,2520574,2021-08-23T20:56Z,2352,1251114,"Wang, Lu",lu.wang@bernstein.com,"Xinjiang Goldwind Science & Technology Co., Ltd.",Embargoed
2021-12-06T07:19Z,401222084,2021-09-14T13:57Z,VA Web Download,Embargoed,Embargoed,Embargoed,Embargoed,Embargoed,Embargoed,17609,2552299,2021-09-10T01:25Z,1433,1247062,"Brackett, Bob",bob.brackett@bernstein.com,Vale S.A.,Embargoed
2021-12-06T07:19Z,400682207,2021-09-13T21:08Z,VA Web Download,Embargoed,Embargoed,Embargoed,Embargoed,Embargoed,Embargoed,17390,2481392,2021-08-11T12:39Z,2630,1247067,"Rawat, Harshita",harshita.rawat@bernstein.com,Coinbase Global Inc,Embargoed
2021-12-06T07:19Z,400671849,2021-09-13T20:56Z,VA Web Download,Embargoed,Embargoed,Embargoed,Embargoed,Embargoed,Embargoed,17390,2481392,2021-08-11T12:39Z,2630,1247067,"Rawat, Harshita",harshita.rawat@bernstein.com,Coinbase Global Inc,Embargoed
2021-12-06T07:19Z,400118622,2021-09-13T07:29Z,VA Web Download,Embargoed,Embargoed,Embargoed,Embargoed,Embargoed,Embargoed,17225,2443674,2021-07-29T06:39Z,437,1247059,"Rasgon, Stacy",stacy.rasgon@bernstein.com,QUALCOMM Incorporated,Embargoed
2021-12-06T07:19Z,398631311,2021-09-10T18:07Z,VA Web Download,Embargoed,Embargoed,Embargoed,Embargoed,Embargoed,Embargoed,17260,2449403,2021-07-30T11:54Z,985,1247067,"Rawat, Harshita",harshita.rawat@bernstein.com,MASTERCARD INC,Embargoed
2021-12-06T07:19Z,398202032,2021-09-10T05:56Z,VA Web Download,Embargoed,Embargoed,Embargoed,Embargoed,Embargoed,Embargoed,17225,2443674,2021-07-29T06:39Z,437,1247059,"Rasgon, Stacy",stacy.rasgon@bernstein.com,QUALCOMM Incorporated,Embargoed
2021-12-06T07:19Z,396209134,2021-09-07T13:32Z,VA Web Download,16699,Matthew Wolf,mtdw@capgroup.com,477,The Capital Group,BuySide,17311,2462749,2021-08-04T23:25Z,829,1247072,"Clint, Oswald",oswald.clint@bernstein.com,Eni,24167
2021-12-06T07:19Z,395508154,2021-09-06T10:25Z,VA Web Download,16568,Tak Chai,takc@capgroup.com,477,The Capital Group,BuySide,17457,2513352,2021-08-19T23:47Z,1830,1247078,"Zechmann, Gunther",gunther.zechmann@bernstein.com,Evonik,2893
2021-12-06T07:19Z,395196670,2021-09-05T20:56Z,VA Web Download,16588,Arun Swaminathan,axs@capgroup.com,477,The Capital Group,BuySide,17362,2473464,2021-08-09T07:39Z,1963,1247052,"Hambright, Lee",lee.hambright@bernstein.com,INTUITIVE SURGICAL INC,10665
2021-12-06T07:19Z,394840891,2021-09-04T11:45Z,VA Web Download,16571,Helen Ding,hyd@capgroup.com,477,The Capital Group,BuySide,16822,2357975,2021-06-20T21:53Z,BBCA.IJ,1247083,"Kwek, Kevin",kevin.kwek@bernstein.com,Bank Central Asia,10719
2021-12-06T07:19Z,393114789,2021-09-02T05:19Z,VA Web Download,16459,Lycus Ji,lcj@capgroup.com,477,The Capital Group,BuySide,17532,2537575,2021-09-01T21:02Z,2470,1247092,"Zhu, Robin",robin.zhu@bernstein.com,Bilibili Inc,10757
2021-12-06T07:19Z,390975932,2021-08-30T12:06Z,VA Web Download,16610,Lauren Carter,lrc@capgroup.com,477,The Capital Group,BuySide,16845,2365517,2021-06-24T23:25Z,2302,1249317,"Solca, Luca",luca.solca@bernstein.com,Farfetch Ltd,2902
2021-12-06T07:19Z,388293961,2021-08-26T14:24Z,VA Web Download,16668,Susan McKibben,kzm@capgroup.com,477,The Capital Group,BuySide,16727,2329224,2021-06-01T02:27Z,2001,1247053,"Juenger, Todd",todd.juenger@bernstein.com,Electronic Arts Inc.,10854
2021-12-06T07:19Z,388097721,2021-08-26T10:01Z,VA Web Download,23318,Eva Kong,evak@capgroup.com,477,The Capital Group,BuySide,17379,2477514,2021-08-10T09:09Z,1288,1247073,"Li, Mark",Mark.Li@bernstein.com,United Microelectronics Corporation,60586
2021-12-06T07:19Z,386953860,2021-08-24T19:23Z,VA Web Download,16610,Lauren Carter,lrc@capgroup.com,477,The Capital Group,BuySide,17421,2508869,2021-08-17T23:32Z,664,1253426,"Ellinghorst, Arndt",arndt.ellinghorst@bernstein.com,Bayerische Motoren Werke AG,2902
2021-12-06T07:19Z,385952882,2021-08-23T12:47Z,VA Web Download,16498,François Beaudry,fnb@capgroup.com,477,The Capital Group,BuySide,16845,2365517,2021-06-24T23:25Z,2302,1249317,"Solca, Luca",luca.solca@bernstein.com,Farfetch Ltd,2832
2021-12-06T07:19Z,385535128,2021-08-22T16:29Z,VA Web Download,16699,Matthew Wolf,mtdw@capgroup.com,477,The Capital Group,BuySide,17311,2462749,2021-08-04T23:25Z,829,1247072,"Clint, Oswald",oswald.clint@bernstein.com,Eni,24167
2021-12-06T07:19Z,385329233,2021-08-21T16:11Z,VA Web Download,20467,Michael Beckwith,mjib@capgroup.com,477,The Capital Group,BuySide,17228,2444946,2021-07-29T11:38Z,1784,1247067,"Rawat, Harshita",harshita.rawat@bernstein.com,"PayPal Holdings, Inc.",56923
2021-12-06T07:19Z,385312519,2021-08-21T13:03Z,VA Web Download,20467,Michael Beckwith,mjib@capgroup.com,477,The Capital Group,BuySide,17260,2449403,2021-07-30T11:54Z,985,1247067,"Rawat, Harshita",harshita.rawat@bernstein.com,MASTERCARD INC,56923
2021-12-06T07:19Z,385312215,2021-08-21T12:50Z,VA Web Download,20467,Michael Beckwith,mjib@capgroup.com,477,The Capital Group,BuySide,17205,2441143,2021-07-28T10:53Z,1046,1247067,"Rawat, Harshita",harshita.rawat@bernstein.com,VISA INC.,56923
2021-12-06T07:19Z,383913130,2021-08-19T08:53Z,VA Web Download,20695,Hon Mun Ng,hmn@capgroup.com,477,The Capital Group,BuySide,17314,2462757,2021-08-04T23:30Z,904,1247072,"Clint, Oswald",oswald.clint@bernstein.com,ROYAL DUTCH SHELL PLC,24007
2021-12-06T07:19Z,383912503,2021-08-19T08:53Z,VA Web Download,20355,Sungyeon Kwak,snyk@capgroup.com,477,The Capital Group,BuySide,17386,2480574,2021-08-11T08:53Z,2626,1247056,"Wilkes, Lance",lance.wilkes@bernstein.com,Oak Street Health Inc,23966
2021-12-06T07:19Z,381318379,2021-08-15T17:07Z,VA Web Download,23497,Drew Macklis,docm@capgroup.com,477,The Capital Group,BuySide,17131,2428445,2021-07-22T15:49Z,1962,1247059,"Rasgon, Stacy",stacy.rasgon@bernstein.com,NVIDIA CORPORATION,61810
2021-12-06T07:19Z,381285595,2021-08-15T15:29Z,VA Web Download,20693,Xuan Leng,xual@capgroup.com,477,The Capital Group,BuySide,16835,2358763,2021-06-21T08:37Z,2616,1247071,"Beveridge, Neil",neil.beveridge@bernstein.com,LG Chem,57008
2021-12-06T07:19Z,380567114,2021-08-13T13:07Z,VA Web Download,20477,Sean Zhuang,sxz@capgroup.com,477,The Capital Group,BuySide,17131,2428445,2021-07-22T15:49Z,1962,1247059,"Rasgon, Stacy",stacy.rasgon@bernstein.com,NVIDIA CORPORATION,56924
2021-12-06T07:19Z,379931198,2021-08-12T16:21Z,VA Web Download,16501,Shane Fogarty,spaf@capgroup.com,477,The Capital Group,BuySide,17333,2467064,2021-08-05T23:29Z,1589,1253463,"Zhao, George",george.zhao@bernstein.com,MEGGITT PLC,10885
2021-12-06T07:19Z,379116643,2021-08-11T17:03Z,VA Web Download,16523,Jessica Spaly,jess@capgroup.com,477,The Capital Group,BuySide,17218,2442794,2021-07-29T00:26Z,1619,1251390,"Shmulik, Mark",mark.shmulik@bernstein.com,Alphabet Inc.,10745
2021-12-06T07:19Z,379090757,2021-08-11T16:16Z,VA Web Download,22259,Danielle Rosa,dnlr@capgroup.com,477,The Capital Group,BuySide,17164,2434328,2021-07-26T08:49Z,553,1247056,"Wilkes, Lance",lance.wilkes@bernstein.com,UNITEDHEALTH GROUP INC,51127
2021-12-06T07:19Z,378323177,2021-08-10T15:33Z,VA Web Download,20550,Christopher Guidry,ctrg@capgroup.com,477,The Capital Group,BuySide,17039,2402839,2021-07-15T23:28Z,2080,1247087,"Clarke, Richard",richard.clarke@bernstein.com,ARAMARK,44015
2021-12-06T07:19Z,377476879,2021-08-09T15:20Z,VA Web Download,20477,Sean Zhuang,sxz@capgroup.com,477,The Capital Group,BuySide,17349,2472792,2021-08-08T20:53Z,1798,1247096,"McLeish, Euan",Euan.McLeish@bernstein.com,Tsingtao Brewery,56924
2021-12-06T07:19Z,377471951,2021-08-09T15:16Z,VA Web Download,20477,Sean Zhuang,sxz@capgroup.com,477,The Capital Group,BuySide,17186,2438917,2021-07-27T20:54Z,1800,1247096,"McLeish, Euan",Euan.McLeish@bernstein.com,China Resources Beer (Holdings) Company Limited,56924
2021-12-06T07:19Z,377470041,2021-08-09T15:14Z,VA Web Download,20477,Sean Zhuang,sxz@capgroup.com,477,The Capital Group,BuySide,17229,2444998,2021-07-29T12:02Z,2321,1247096,"McLeish, Euan",Euan.McLeish@bernstein.com,Budweiser Brewing Company APAC Limited,56924
2021-12-06T07:19Z,377467912,2021-08-09T15:11Z,VA Web Download,20477,Sean Zhuang,sxz@capgroup.com,477,The Capital Group,BuySide,16454,2270986,2021-05-05T00:36Z,2439,1247096,"McLeish, Euan",Euan.McLeish@bernstein.com,Luzhou LaoJiao Co. Ltd,56924
2021-12-06T07:19Z,377465678,2021-08-09T15:08Z,VA Web Download,20477,Sean Zhuang,sxz@capgroup.com,477,The Capital Group,BuySide,17187,2438920,2021-07-27T20:55Z,2490,1247096,"McLeish, Euan",Euan.McLeish@bernstein.com,Shanxi Xinghuacun Fen Wine Factory Co Ltd,56924
2021-12-06T07:19Z,377462620,2021-08-09T15:03Z,VA Web Download,20477,Sean Zhuang,sxz@capgroup.com,477,The Capital Group,BuySide,17266,2452473,2021-08-01T20:53Z,1796,1247096,"McLeish, Euan",Euan.McLeish@bernstein.com,Kweichow Moutai,56924
2021-12-06T07:19Z,376973688,2021-08-09T00:52Z,VA Web Download,16671,Gregory Miliotes,ggjm@capgroup.com,477,The Capital Group,BuySide,17322,2463140,2021-08-05T02:20Z,2436,1253503,"Dillard, Chad",chad.dillard@bernstein.com,TRIMBLE INC.,10685
2021-12-06T07:19Z,376769267,2021-08-08T13:39Z,VA Web Download,16677,Jacklyn Oh,jlio@capgroup.com,477,The Capital Group,BuySide,17043,2402961,2021-07-16T01:27Z,717,1247504,"Elliott, Callum",callum.elliott@bernstein.com,The Estee Lauder Companies Inc.,10764
